student_id,name,gender,age,class,teacher_id,subject,test1_score,test2_score,final_exam_score,final_grade_letter,attendance_percentage,study_hours_per_week,assignments_submitted,pass_fail
1,Carson Rivera,Female,14,9th,105,Math,23.5,40.5,50.5,F,70.2,3.1,56.7,0
2,Ashley Walters,Male,15,10th,107,Computer,77.7,80.6,82.3,B,85.3,6.9,81,1
3,Linda Robinson,Male,15,10th,103,English,75,73.4,64.5,C,83.1,4.3,66.3,1
4,Brandon James,Female,17,11th,117,Computer,46.7,53.1,51.2,F,74.1,0.4,44.9,0
5,Helen Grant,Female,16,10th,112,Science,38,57.3,47.6,F,73.8,1.4,49.9,0
6,Amy Marshall,Male,15,9th,111,Art,93,83.6,83.1,A,83.4,6.8,73.9,1
7,Michelle Watkins,Female,16,10th,109,Math,40.9,51.7,59.1,F,76.5,1.5,53.2,1
8,Sandra Mitchell,Female,15,10th,110,History,61.7,63.7,76.5,C,78.6,4.1,56.4,1
9,Sara Alvarez,Male,16,11th,105,Art,85.4,78.5,77.3,B,84.4,6.8,91.3,1
10,Matthew Robertson,Male,14,9th,109,History,44.8,55.3,60.8,F,79.8,2.2,54.5,1
11,Wyatt Collins,Male,16,11th,108,English,61.6,89.2,84.9,B,86.9,6.7,84.9,1
12,Walter Phillips,Female,15,10th,105,English,44.9,53,50.3,F,76.5,1.9,50.8,0
13,Elizabeth Gonzalez,Male,15,9th,110,History,56.8,61.4,55.2,D,79.4,3.3,58.5,1
14,William Vasquez,Male,17,12th,104,Computer,69.2,80.8,88.3,B,86.3,3.4,66,1
15,Anthony Porter,Male,15,9th,113,English,88.1,72.9,69.3,B,89.1,6.3,83.8,1
16,Gary Morgan,Female,17,12th,109,Art,49.4,69.5,57,D,72.9,2.8,57.6,1
17,Eric Ortiz,Male,17,11th,120,English,73,74.2,73.8,C,84.4,5.7,66.9,1
18,Madison Douglas,Male,15,10th,112,Science,49.6,39.8,51.7,F,75.3,0.1,46.6,0
19,Bella Moreno,Female,15,9th,109,English,32.8,37.7,37.2,F,76.5,1.1,61.5,0
20,Linda Gibson,Female,16,10th,106,Math,52.9,49.7,43.2,F,81.9,3.9,71.7,0
21,Amber Lamb,Female,17,11th,113,Math,37.9,51.4,49.7,F,70,0.7,54.4,0
22,Jeffrey Shaw,Female,17,12th,106,Science,52.2,57.7,43,F,85.9,2.3,60.7,1
23,Avery Green,Female,16,11th,113,Computer,52.9,61.5,62.9,D,77.9,1.3,63.3,1
24,Sara Murphy,Female,16,10th,119,Math,65.9,74,76.1,C,86.6,5.9,71.2,1
25,Christina Moreno,Female,16,10th,115,English,58.1,66.5,54.1,D,71.8,3.3,50.4,1
26,Gary Harper,Male,18,12th,116,Art,86.9,86.9,88.3,A,91.5,7.7,90.8,1
27,Megan Santiago,Male,15,10th,114,History,100,84.2,98.7,A,86.4,8.2,95.6,1
28,Zoe Austin,Male,14,9th,108,English,66.8,69.2,72.1,C,74.1,5.5,63.5,1
29,Emma Morris,Male,15,10th,101,Computer,73.1,76.4,80.2,B,81.3,5.1,60.5,1
30,Mary Banks,Female,17,12th,106,Math,69.9,74.8,85.8,B,89.7,6.9,91.5,1
31,Dorothy Simmons,Male,16,10th,107,English,56.7,51.6,55,F,79.3,1.2,52.4,1
32,Walter Long,Male,14,9th,119,Science,71.8,80.3,81.8,B,81.7,7.4,64.8,1
33,Dennis Hines,Male,15,9th,114,Computer,80.1,79.6,100,A,90.1,7.6,75.9,1
34,Emma Green,Male,14,9th,113,Science,68.2,74.2,92.6,B,88.1,4,84.1,1
35,Brian Cooper,Male,15,10th,105,History,74.1,71.4,66.9,C,78.2,4.4,63.4,1
36,Kathleen Watson,Male,17,11th,110,Science,59.3,72.1,77.8,C,81.8,5.7,73.4,1
37,Catherine Casey,Male,16,11th,106,History,52.4,55.8,55.4,F,70.2,1.3,56.2,1
38,Sandra Lewis,Female,14,9th,119,Art,70.8,64.8,68.3,C,88.4,3.2,68.6,1
39,Anthony Foster,Female,18,12th,101,English,65.5,77.8,91.2,B,76,3.6,60.1,1
40,Nathan Collins,Male,15,9th,107,Computer,52.5,59.3,66.5,D,75,3.5,64.2,1
41,Margaret Herrera,Female,14,9th,114,Science,60.5,63.1,51.2,D,71.9,2.3,49.2,0
42,Aaron Gutierrez,Male,17,11th,101,Science,61.2,79,68.2,C,86.3,5,85.2,1
43,Jerry Johnson,Male,16,11th,116,Math,61.4,54.2,74.5,D,73.2,4.2,61.6,1
44,Cole Garcia,Male,15,10th,108,Computer,48.1,36.2,44.8,F,73.1,0,46.3,0
45,Pamela Bennett,Female,16,11th,112,English,72.6,78.2,71.1,C,92.2,5.6,69.7,1
46,Richard Mendoza,Male,16,10th,113,English,57,50.9,49.8,F,82.8,1.8,60.5,1
47,Roger Austin,Male,17,12th,105,Math,67.7,68.4,64.7,C,90.5,5.2,77.4,1
48,Bryan Day,Female,17,12th,107,Math,46.9,45.2,51.5,F,81.7,1.7,51.7,0
49,Emily Ellis,Male,14,9th,116,Science,43.9,39.9,39.5,F,71.3,1.6,44.7,0
50,Olivia Tyler,Female,14,9th,119,Computer,77.2,79.1,80.5,B,87.8,6.4,90.9,1
51,Daniel Sullivan,Male,17,11th,102,Computer,79.4,68.3,61,C,66.8,4.4,65,1
52,Janice Morgan,Female,15,9th,106,History,76,70.3,80.4,B,84.1,2.6,70,1
53,Katherine Moreno,Female,18,12th,120,Computer,87.5,83.3,100,A,89.5,5.6,83.3,1
54,Lucy Lewis,Female,15,10th,105,Computer,67.6,76.4,52.7,D,75.1,5,68.3,1
55,Parker Parker,Male,16,11th,112,Art,70,80.7,77.5,B,86.1,3.4,69.4,1
56,Ruth Hernandez,Male,14,9th,105,Science,50.8,45,37.7,F,72.5,3,61.5,0
57,Mason Alexander,Male,15,9th,109,Computer,66.8,64.3,78.4,C,77.2,5.2,59,1
58,Jason Morrison,Female,14,9th,108,Computer,49.1,47.1,66.3,D,74.7,2.4,64.3,1
59,Karen Nichols,Female,15,9th,106,Computer,45.1,42,55.8,F,78.6,1.8,59.4,0
60,Susan Wilson,Male,16,10th,108,Computer,51.3,65.9,57.5,D,76.8,0.2,50,1
61,Cooper Long,Female,15,10th,103,Math,63.2,66.7,67.7,C,79.1,4.1,63,1
62,Nicholas Fox,Female,18,12th,112,History,89.7,100,97.9,A,88,10.5,91.4,1
63,Samuel Bell,Female,16,11th,105,English,62.5,78.7,100,B,81.4,3.2,66.6,1
64,Daniel Matthews,Female,16,11th,112,Science,59,67.8,75.5,C,81.1,3.1,66.1,1
65,Eric Kim,Female,14,9th,107,Computer,83.9,88.1,97.5,A,92.1,7.6,85.1,1
66,Mark Grant,Male,16,10th,108,English,62.3,72.2,82.3,C,84.6,4.4,73.5,1
67,Nathan Bailey,Female,18,12th,108,Math,55.5,48.3,51.9,F,76.9,2,58,1
68,Emma Mitchell,Male,17,11th,102,Math,66.3,77.3,66.3,C,93.8,4.5,79.5,1
69,Andrea Hall,Male,17,12th,120,Math,62.9,63.5,81.3,C,75.7,4.7,63.8,1
70,Stella Walker,Female,14,9th,103,Computer,90.3,93.6,88.4,A,99.9,9.1,90.9,1
71,Ruth Ballard,Male,15,9th,111,History,86.8,78,75.8,B,83.3,7.3,83,1
72,George Richardson,Female,14,9th,111,English,54.3,57.8,67.1,D,96.5,4.8,95.8,1
73,Julie Gonzales,Female,15,9th,116,Science,53.5,53,50.4,F,80.5,0.8,64.8,1
74,Diane Turner,Female,17,12th,105,Math,63.2,61.4,51.8,D,85.8,1.9,69.2,1
75,Cynthia Porter,Male,15,9th,119,Science,44.3,52.7,41.8,F,75,2,53.7,0
76,Scott Taylor,Female,17,12th,117,History,77,74.9,77.8,B,76.8,3.6,68,1
77,Jaden Chen,Female,17,11th,113,History,72.7,63.3,69.2,C,80.6,4.8,65.1,1
78,Christopher Richardson,Male,15,9th,111,Computer,74.7,64.7,73.2,C,83.3,5.4,70,1
79,Nora Ellis,Male,18,12th,113,English,70.8,81.9,76.6,B,78.5,5,59.9,1
80,Connor Hardy,Female,17,12th,117,Computer,70.9,73.8,73.1,C,80.8,6.4,72.6,1
81,Timothy Olson,Male,14,9th,112,Computer,53.8,59.9,58.2,D,73.2,3.3,60.1,1
82,Bryan Rivera,Female,14,9th,117,Math,65.3,62.6,56.3,D,70.8,4.2,52.6,1
83,Helen Ray,Female,16,11th,110,Math,70.5,65.2,70.6,C,82.2,1.9,62.1,1
84,George Herrera,Male,15,9th,107,Computer,42.5,42.6,65.2,F,68.8,2.6,43,0
85,Cheryl Stephens,Female,17,11th,119,Science,60.4,71.8,66.7,C,78.1,3.9,57.6,1
86,Nathan Ramirez,Female,15,9th,114,English,66.6,75.3,65.8,C,83.5,3.4,55.2,1
87,Scott Lamb,Male,14,9th,106,Math,55.2,48.1,58.1,F,79.1,2.5,56.4,1
88,Carson Wood,Male,17,12th,110,Science,64.6,64.7,51.7,D,80.6,4.2,72.4,1
89,Billy Porter,Male,15,10th,101,English,73.5,74.6,81.8,B,84.9,6.3,75.5,1
90,Gary Medina,Male,16,11th,117,Science,99.8,98.8,97.6,A,91.1,9.9,97.7,1
91,Raymond Castillo,Female,16,10th,105,Math,73.9,87.5,94.1,A,90.8,5.6,71,1
92,Jessica Fox,Female,16,10th,105,History,47.1,54.1,51.4,F,78.3,2.4,55.6,1
93,Shirley Stewart,Male,14,9th,118,History,68.1,77.1,64.4,C,81.8,6.8,69.5,1
94,Elizabeth King,Female,16,11th,120,Computer,82.4,73.6,92.1,B,95.1,5.3,88,1
95,Rachel Roy,Female,14,9th,113,English,74.6,86.4,74.7,B,90.8,7.2,80.3,1
96,Zachary Peterson,Female,14,9th,104,Math,63.4,61.5,58.5,D,83.5,2.3,78.2,1
97,Scott Gutierrez,Male,17,11th,107,Math,39.9,57.5,51.1,F,77.9,1.7,74.2,0
98,Charles Tyler,Male,14,9th,116,Computer,56.2,67.4,59.7,D,75.2,2.8,65,1
99,Jacob Clark,Male,17,11th,108,Computer,63.7,60.4,73.7,C,80.9,3.6,57.5,1
100,Danielle Harrison,Male,16,10th,111,Computer,81,94.2,83.5,A,92.9,8,98.8,1
101,Rachel Mcdaniel,Male,15,9th,102,Science,49.3,62.6,72.3,D,81.2,3.2,65.3,1
102,Jacob Stevens,Female,16,11th,118,Math,68.6,64.7,85.2,C,81.5,5.1,62.7,1
103,Chase Watkins,Male,16,10th,115,Math,52.9,49.8,55.9,F,73.9,3,52.6,1
104,Austin Edwards,Male,15,10th,118,Science,58.5,77.4,77.4,C,89,6.7,85.7,1
105,Douglas Berry,Male,15,9th,120,History,55.5,58.4,62.7,D,85,2.5,68.3,1
106,Savannah Flores,Female,14,9th,115,History,41.1,58.6,55.9,F,77.9,3.8,66.3,1
107,Roger Wagner,Female,14,9th,101,History,75.6,70.1,80.2,B,84.4,7.2,83.1,1
108,Kenneth Parks,Female,14,9th,103,Science,63.3,69.8,64.5,C,77.7,3.9,66.1,1
109,Pamela Barnes,Female,16,11th,115,Science,68.6,89.2,82.6,B,86.4,6.6,82.8,1
110,Michelle Patterson,Male,16,11th,117,History,45.7,48.9,37.6,F,76.1,3.5,56.9,0
111,Stephen Morales,Male,17,12th,105,Art,47.2,58.4,77,D,87.5,4,75.6,1
112,Amber Ballard,Male,17,12th,115,History,79.8,77.9,72.4,B,83.3,7.5,67.4,1
113,Grace Medina,Male,15,9th,116,English,45.4,50.7,39.1,F,69.1,0.1,43.8,0
114,Justin Sharp,Female,14,9th,118,English,66.3,63.7,76.2,C,84.4,5.9,71.7,1
115,Caleb Tran,Male,15,10th,104,Computer,57.9,40.3,42.1,F,74.8,1.4,39.1,0
116,Ethan Moore,Female,18,12th,120,Computer,66,62.1,68,C,89,2.4,83.7,1
117,Caleb Morales,Female,18,12th,110,English,81.6,85.4,81.5,B,82,5.3,74.8,1
118,Victoria Snyder,Female,16,11th,119,Math,56.7,73.3,69.7,C,87.3,4.2,71.5,1
119,Ruth King,Male,15,9th,112,English,68.3,70.5,76.6,C,87.9,6,82.7,1
120,Gary Simmons,Female,16,10th,109,History,59.1,58.3,69.9,D,77.9,3.4,67.5,1
121,Michelle Myers,Female,16,11th,107,Math,55.7,76.2,53.7,D,80.7,2.8,69.6,1
122,Doris Nelson,Male,15,10th,118,Science,81.5,73.4,75.2,B,88.3,4.6,80.4,1
123,Sean Woods,Male,15,9th,112,Math,78.3,74.5,90.4,B,85.5,6.5,96.1,1
124,Betty Keller,Female,16,11th,118,Math,52.4,51.1,60.5,D,86.5,4,76.7,1
125,Susan Ross,Female,16,11th,114,Computer,71.3,77.5,60.2,C,90,4.7,85.1,1
126,Ashley Parker,Female,16,11th,110,History,60,69.2,62.1,D,89.9,3.9,69.3,1
127,Amanda Hayes,Male,15,9th,115,History,55.6,58.1,65.4,D,83.5,2.7,63.2,1
128,Ian Patterson,Female,15,10th,114,Art,56.8,75.9,60.3,D,76.5,0,53.4,1
129,Dorothy Stevens,Female,15,10th,116,English,64.6,73.4,73.3,C,78.6,5.3,73.4,1
130,Walter Gutierrez,Male,15,10th,107,Computer,76.5,78.6,92.6,B,92.3,6.3,78.2,1
131,Lily Fleming,Female,14,9th,108,Science,68.2,67.1,75.3,C,82.3,6.6,72.4,1
132,Charles White,Male,16,10th,103,Math,69.2,79.6,65.7,C,74.1,3,58.4,1
133,Joyce Wells,Female,15,10th,113,History,77.2,91.5,93.6,A,85.5,8.4,85.8,1
134,Nathan Matthews,Female,17,11th,117,Computer,72.7,73.9,63,C,88.8,4.5,76.9,1
135,Lily Day,Female,17,11th,108,Math,46.2,67.8,49.6,F,85.8,4.3,72.4,1
136,Hannah James,Male,15,10th,106,Science,69.8,79.4,71.8,C,89.5,5.7,83,1
137,Dylan Carpenter,Male,18,12th,113,Science,52.6,56.3,74.5,D,80.7,3.3,64.9,1
138,Anna Wells,Male,16,11th,114,Computer,57.5,79.6,76.5,C,79.9,5.8,63.1,1
139,Janice Wells,Male,17,12th,115,Math,77.6,81.6,80.6,B,88.7,7.1,91,1
140,Patricia Morales,Female,18,12th,106,Computer,63,61,73.6,C,75,3.9,72.1,1
141,Steven Vargas,Male,16,11th,109,Science,56.3,53.2,64,D,85.4,2.4,62.6,1
142,Grace Smith,Male,17,12th,111,Science,87.7,83.6,89.6,A,96.9,7.4,86.3,1
143,Scott Miller,Female,17,12th,105,English,40.6,47.4,56.8,F,76.3,1.7,41.2,0
144,Carson Wells,Female,15,9th,107,Science,55.1,59.9,53.9,D,79.4,1.9,46.7,0
145,Dennis Hardy,Male,17,11th,101,Computer,77.7,79.8,84.7,B,87.3,6,88.5,1
146,Ashley Patterson,Female,18,12th,108,Computer,67.3,66.4,80.6,C,74.7,1.8,50.5,1
147,Katherine Washington,Female,14,9th,120,Science,84.9,67,94,B,88.2,6.6,76.2,1
148,Evelyn Cummings,Male,17,12th,103,History,58,56.5,65.3,D,82.3,0.8,50.6,1
149,Dorothy Thomas,Female,15,9th,113,Science,44.9,49.4,67.1,D,76.1,0.3,62.4,1
150,Andrea Rogers,Female,17,12th,114,English,61.4,61.3,68.5,D,84.1,4.4,72.3,1
151,James Page,Male,16,11th,104,Computer,56.2,68.7,65.6,D,81.7,2.2,47.1,0
152,Pamela Lopez,Female,14,9th,120,Science,70.1,66.6,74.5,C,85.6,1.3,67.5,1
153,Austin Wells,Male,14,9th,115,Math,33.6,43.4,57.2,F,74.6,2.5,54.4,0
154,Ronald Austin,Male,17,12th,115,Math,49.4,39.4,53.2,F,74.4,3.1,48.2,0
155,Arthur Shaw,Female,15,9th,107,Math,62,73.1,64.3,C,90.6,5,66.3,1
156,Donald Kelly,Male,18,12th,106,Science,45.1,56.9,54,F,72.7,3.2,48.7,0
157,Ian Flores,Female,15,9th,116,English,58.1,49.7,57.4,D,85.9,3.3,62.2,1
158,Christine Rodriguez,Female,18,12th,111,History,52.7,56.8,50.3,F,87,2,52.9,1
159,Carson Anderson,Female,15,10th,102,Math,73,68.6,73.4,C,87.6,7.7,69.8,1
160,Arthur Freeman,Male,17,12th,112,Computer,72.1,76.9,66.4,C,76.8,4.4,66.6,1
161,Nora Graham,Male,17,12th,113,Computer,57.4,69.2,55.1,D,81.2,2.9,67,1
162,Jeffrey Black,Female,18,12th,105,History,66.4,69.1,75.5,C,76.9,5.2,80.3,1
163,Adam West,Female,15,10th,105,Science,70,79.7,74.9,C,88.5,4.4,71.5,1
164,George Davis,Male,17,11th,110,Science,65,59.1,62,D,91.6,4.2,72.7,1
165,Grace Hunter,Female,15,10th,106,Science,85.3,82.8,92.8,A,96.5,9.2,100,1
166,Kathryn Ramirez,Female,14,9th,120,History,71.2,56.9,71.1,C,79,5,82.7,1
167,James Nguyen,Male,14,9th,116,English,81.2,85.1,94,A,90.6,6.4,86.6,1
168,Cameron Mcdaniel,Female,14,9th,117,Computer,34.6,34.6,35.2,F,76.9,2.8,70.7,0
169,Raymond Wood,Female,15,10th,119,Math,79.2,78,79.7,B,87.8,5.3,58.8,1
170,Jean Phillips,Female,15,10th,114,Computer,72.3,70.1,73.9,C,92.4,3.3,74.9,1
171,Jennifer Hayes,Female,15,9th,108,Science,53.1,65.2,57.6,D,78,3.1,59.5,1
172,Ashley Barber,Male,14,9th,119,English,55.6,69.9,74.2,C,81.9,2.7,65.8,1
173,Ruth Foster,Female,17,11th,108,Math,77.9,83,75.4,B,91.8,7,82,1
174,Debra Woods,Female,14,9th,103,Math,55.2,64.5,69.8,D,77,3.2,79,1
175,Jonathan Evans,Female,15,9th,103,Math,55.7,58.2,72.3,D,79,4.5,70.4,1
176,Thomas Patterson,Male,16,10th,114,Science,60.6,52.3,53.1,D,75.3,3.9,60.7,1
177,Jonathan Kennedy,Male,17,11th,106,Math,64.6,52.1,71,D,81.4,4.5,50.7,1
178,Danielle Mcdaniel,Male,17,12th,106,Art,79.3,55,71.7,C,84.9,6,73.8,1
179,Daniel Jenkins,Male,15,10th,103,Math,48.3,50.1,50.9,F,69.3,0.7,43.7,0
180,Matthew Sanders,Male,15,9th,110,Computer,81.3,77,88.8,B,88.5,6.7,72.9,1
181,Terry Barnes,Female,15,9th,109,History,49.3,66.4,67.5,D,77.2,1.9,59.2,1
182,Karen Payne,Male,14,9th,119,History,67.5,72,69.7,C,85.8,3.5,72,1
183,Kathryn Morrison,Male,14,9th,120,English,80.4,83.5,74.3,B,100,6.9,100,1
184,Emily Holt,Female,14,9th,109,Computer,58.6,76.3,77.4,C,79.5,3,58.4,1
185,Andrew Stevens,Male,16,10th,114,History,56.3,61.3,67.3,D,83.3,2.8,70.7,1
186,Addison Rios,Female,15,9th,115,Science,66.7,72.2,77.7,C,92.4,6.4,84.8,1
187,Jacqueline Foster,Male,15,9th,101,Math,47.7,59.9,42.3,F,69.7,3.9,44.5,0
188,Jordan Shaw,Female,15,10th,104,Computer,100,84.8,86.7,A,95.1,7.6,84.8,1
189,Melissa Lopez,Female,17,12th,113,History,50.9,51.1,59,F,76.9,1.7,56,1
190,Pamela Reynolds,Female,16,10th,110,Math,53.2,65.4,55.3,D,81.7,4.9,74.2,1
191,Dylan Brooks,Male,16,11th,101,Math,50.3,63.2,52.5,D,70.7,1.9,49.9,0
192,Cole Barker,Female,16,11th,108,Science,54.8,59.4,62.6,D,74.4,2.7,72.6,1
193,Walter Ellis,Male,15,9th,104,English,81.8,69.2,74.7,B,82.8,4.6,61.7,1
194,Jacob Watson,Female,17,12th,110,Science,55.4,58,61.3,D,74.9,4.7,61.1,1
195,Grace Ortega,Male,14,9th,107,English,59.9,43.5,49.9,F,71.5,0,57.3,1
196,Laura Reed,Female,16,11th,111,Math,76.8,86.2,95,A,89.4,7.9,89.1,1
197,Frank Nichols,Male,16,10th,110,English,70.7,82.3,86.6,B,77,5.3,66.2,1
198,Victoria Hunter,Female,17,12th,120,English,72.3,77.4,81.4,B,81.4,5.4,66.3,1
199,Adam Castillo,Male,17,12th,103,History,55.7,50.5,56.4,F,82,1.5,63.1,1
200,Jeremy Holt,Male,14,9th,120,Computer,84.6,87.3,92,A,97.2,8.1,92.4,1
201,Abigail Barnes,Female,17,12th,108,Science,70.6,77.3,83.5,B,84.3,7.6,73.2,1
202,Christian Henry,Male,16,10th,108,Art,66.1,77.2,66.8,C,87.4,4.4,82.6,1
203,Paul Gonzales,Female,17,12th,103,Math,76.5,86,75.3,B,83.3,6.5,67.1,1
204,Stephen Wells,Female,16,11th,104,English,63.9,60.9,64.4,D,84,6.3,56.9,1
205,Nicholas Garcia,Female,16,11th,108,Computer,71.2,83.3,90.5,B,83.3,5.4,70.6,1
206,Charles Cruz,Female,14,9th,106,Computer,79.3,75,86.3,B,84.7,4.1,80.6,1
207,Dennis Kim,Male,16,11th,101,Math,40,35.9,37.6,F,70.9,0.5,55.8,0
208,Jennifer Douglas,Female,16,10th,108,Math,75.7,86.6,75.8,B,88.4,7.1,88,1
209,Zoe Kennedy,Female,17,12th,104,Computer,65.1,79.6,79.5,B,90.9,7.5,79.1,1
210,Janice Holt,Male,17,12th,118,History,61.7,67,47.6,D,79.3,3.7,69.6,1
211,Shirley Ellis,Female,14,9th,109,Computer,57.8,52.1,72.5,D,86.1,1.5,66.5,1
212,Zoe Cunningham,Male,17,12th,119,History,82.5,78.9,88.5,B,87.6,7.7,90.2,1
213,Gary Willis,Male,16,10th,106,History,55.8,60.3,56.3,D,75.8,3.4,63.5,1
214,John Lopez,Female,16,10th,104,English,97.2,88.2,81.4,A,99.9,6.5,82.8,1
215,Christopher Evans,Male,18,12th,108,History,64.5,72.9,79.6,C,79.7,5.2,56.5,1
216,Lucy Love,Male,17,12th,115,Math,54.9,64.9,46.3,F,70.7,1.5,56.1,1
217,Thomas Boyd,Male,14,9th,101,Science,48.4,53.7,55.8,F,80,4.5,70.6,1
218,Shirley Turner,Male,14,9th,104,History,46,44.2,46.5,F,73.2,1.9,63.5,0
219,Karen Mitchell,Female,18,12th,101,English,57,77.2,51.9,D,81.2,1.8,64.2,1
220,William Hines,Male,16,11th,110,Art,57.9,43.3,51.5,F,75.4,0.5,43.9,0
221,Jack Wright,Male,17,12th,106,Computer,58.3,61.9,71.2,D,78.8,6.4,70.8,1
222,Christopher Baker,Female,15,10th,113,Science,80,64.6,67.1,C,82.3,5.7,61.2,1
223,Lawrence Jordan,Male,16,10th,111,Computer,69.2,58,73.9,C,80.9,3.1,68.8,1
224,Angela Wheeler,Female,15,10th,115,Computer,69.3,87.7,88,B,80.5,5.9,82,1
225,Emma Watson,Female,15,10th,102,English,74.3,72.9,60.6,C,80.2,3.7,82.8,1
226,Terry Reed,Male,15,10th,109,English,63.6,80.1,65.9,C,82.9,6,83.1,1
227,Kathleen Hernandez,Male,16,11th,120,Science,36.7,36.5,28.2,F,71.9,1.4,40.4,0
228,Grace Chen,Male,16,11th,105,English,55,70.2,65.2,D,83.6,1.3,64.6,1
229,Donna Guzman,Male,17,12th,112,English,76.2,100,84,A,91.7,10.7,88,1
230,Logan Parks,Male,17,12th,118,Science,57.1,61.7,52.1,D,84.4,3.5,72.8,1
231,Mason Nelson,Male,17,11th,106,History,54.2,63.3,85.7,C,82.4,4.3,84.6,1
232,Gerald Mason,Male,16,10th,118,History,58.4,59.8,67.9,D,76.3,4.1,64.3,1
233,Helen Parker,Male,16,11th,105,English,55.1,44.3,60.2,F,75,3.4,47.8,0
234,Gerald Carpenter,Female,17,12th,114,Computer,63.3,60.5,70.7,C,77.5,4.6,73.7,1
235,Kelly Rios,Female,17,12th,116,Computer,66,65,56.5,D,79.8,1.8,58.4,1
236,Jason Collins,Male,18,12th,110,Math,42.5,44.3,46.7,F,75.7,2.5,52.8,0
237,Anthony Barber,Male,15,9th,118,English,47.4,50.8,48,F,77.5,0,45,0
238,Margaret McDonald,Female,16,11th,103,Math,53.1,56.5,74.9,D,76.6,4.8,73.5,1
239,Addison Robertson,Female,14,9th,117,English,44.4,47.4,54.6,F,78.5,3.5,45.4,0
240,Ethan Love,Female,14,9th,108,Math,72.9,63.9,72.6,C,80.4,7.9,63.6,1
241,Tyler Ballard,Male,17,12th,103,Computer,66.4,72.6,72.5,C,89.8,4.5,73.6,1
242,Walter Romero,Male,17,11th,116,Math,78,82.2,86.9,B,92.9,7.9,87.4,1
243,Lauren Young,Female,15,10th,113,Computer,87.4,75.8,96,A,90.2,5.6,76.4,1
244,Hannah Taylor,Male,16,11th,102,Science,68.2,63.4,72,C,84.7,6,80.1,1
245,Jessica Powell,Male,14,9th,120,English,69.1,62.5,79.8,C,79.4,5.4,74.2,1
246,Chase Hall,Male,14,9th,108,Science,38.7,51,61.6,F,75.4,0.8,70.2,1
247,Jaden Lewis,Female,17,12th,104,English,65.3,57.3,61.2,D,76.6,1.3,56.1,1
248,Mark Martinez,Male,17,11th,109,Math,45.8,48,56.6,F,76.6,0.3,53.4,1
249,Sarah Morales,Female,17,11th,103,Computer,43.6,46.4,40.6,F,68.2,1.4,51.6,0
250,Zachary Walters,Female,14,9th,120,English,74.4,68.1,77.8,C,86,4.6,72.9,1
251,Dennis Mason,Male,15,10th,110,History,44.3,47.4,35.6,F,73.8,2.1,55.9,0
252,Ashley Young,Male,15,10th,117,Science,77.4,70.3,73.7,C,86.6,3.7,72.2,1
253,Stephen Banks,Female,15,9th,103,Math,33.9,29.2,29.3,F,69.8,2.9,53.6,0
254,Jason Ford,Male,15,9th,106,Math,47.8,42.9,69.7,D,77.8,5.1,56.1,1
255,Jason Rivera,Male,14,9th,108,Math,53,41.3,45.6,F,78,0.6,53.9,0
256,Bryan Harper,Female,17,11th,119,Science,52.1,63.9,55.1,D,89.4,2.4,82.3,1
257,Megan Beck,Female,14,9th,103,Computer,79.3,85.2,83.4,B,87.5,7.3,71.2,1
258,Michelle Fleming,Female,14,9th,106,Computer,59.4,60.4,70.1,D,77.7,2.9,59.8,1
259,Walter Carter,Male,17,12th,113,Science,52.3,57.4,70.2,D,80.1,3.1,57.1,1
260,Edward Rogers,Male,14,9th,112,Math,68.6,71,61.8,C,90.3,3,77.5,1
261,Emma James,Male,17,12th,104,Science,32.4,38.7,49.5,F,72.7,2.3,73,0
262,Cheryl Nichols,Male,16,11th,113,Computer,71.5,78.7,81.3,B,89.6,7.6,94.1,1
263,Anna Adams,Female,16,10th,113,Science,70.7,69.5,72.7,C,79.6,6.2,78,1
264,Nancy Gonzales,Male,17,11th,102,English,91.6,79.9,88.1,A,84.1,4.5,82.3,1
265,Keith Morris,Male,14,9th,119,English,94.9,95.7,96.7,A,100,9.9,100,1
266,Jordan Harper,Male,16,10th,113,English,69,72,83.7,B,83.6,5.3,53,1
267,Margaret Klein,Male,17,12th,119,Computer,62.4,64.4,54.7,D,80.8,3.5,63,1
268,Joseph Myers,Male,15,10th,109,Science,69.4,78.9,79.2,B,83.5,5,61.6,1
269,Avery Nichols,Male,15,9th,116,English,50.9,60.1,56.8,D,80.7,3.2,64.8,1
270,Joe Davis,Female,17,12th,109,English,86.3,93.7,96.9,A,85.4,6.7,78.1,1
271,Robert Mitchell,Male,16,11th,110,History,71.2,65.7,81.5,C,78.8,5.1,75.9,1
272,Anthony Medina,Male,16,11th,118,Computer,45.6,50.7,53.3,F,84.2,3.2,72.1,1
273,Angela Brooks,Male,16,11th,118,Science,71.1,85.5,83.6,B,96,8.1,92.9,1
274,Melissa Hughes,Male,14,9th,118,English,62.1,65.5,55.3,D,78.3,3.9,77.6,1
275,Kelly Ferguson,Female,16,11th,111,Math,59.6,75.6,68.3,C,74.4,4,59.5,1
276,Terry Gray,Male,17,12th,118,Math,61.2,65.2,72.2,C,78.1,5.1,71.3,1
277,Ann Torres,Female,16,11th,104,Science,74.7,75.2,77.7,B,81,4.6,65.3,1
278,Jacob Austin,Male,18,12th,105,Science,69.3,71.4,70.8,C,79.7,3.7,69.4,1
279,Zachary Morales,Female,17,12th,112,Art,89.2,88.5,100,A,91.3,8.2,92.6,1
280,Thomas Fowler,Male,18,12th,108,Computer,85.4,79.1,84.9,B,95.5,5.8,74.4,1
281,George Casey,Female,15,10th,103,Science,41.7,29.8,43.1,F,77.2,1,53.8,0
282,Olivia Pena,Male,15,10th,118,Math,51.9,57.3,55.4,F,82.2,5.8,73.4,1
283,James Fernandez,Male,16,11th,102,Art,65.4,80.5,73.4,C,84.9,4.5,61.7,1
284,Virginia Cruz,Female,14,9th,111,English,79.7,88.9,82.7,B,99,6.3,93.5,1
285,Pamela Ellis,Male,16,10th,103,Math,36.9,40.6,50.1,F,72.1,1.1,43.9,0
286,Andrea Chen,Female,16,10th,108,Computer,72.7,81.1,78.8,B,72,4.3,46,0
287,Samantha Cook,Female,18,12th,113,Computer,68.9,74.3,67.7,C,87.6,3.9,69.9,1
288,Walter Wallace,Female,16,10th,108,English,88.5,90.5,91.9,A,96.6,8.4,86.7,1
289,Billy Chavez,Female,15,9th,119,Math,52.6,60.5,60,D,82.4,1.2,72.7,1
290,Cooper Ford,Female,15,9th,113,Art,74.1,84.7,83.9,B,87.4,6.8,68.3,1
291,Terry Cunningham,Male,17,12th,119,Math,63.8,60,49.3,D,82.6,5,63.7,1
292,Brian Harris,Female,17,12th,108,Computer,65,64.4,64.4,D,78.2,0.5,52,1
293,Jason Sanchez,Male,18,12th,113,Science,86.1,78.6,96.7,A,87.3,6.2,84.5,1
294,Gregory Cole,Female,14,9th,104,Art,38.4,36.4,46.7,F,68.3,1.3,46.9,0
295,Gary Davis,Male,15,10th,113,Art,28.7,49.3,57.8,F,72.9,1.9,61.4,0
296,Thomas Mcdaniel,Female,16,10th,101,Computer,67.9,72.3,66.2,C,75.1,3.4,49.4,0
297,Hailey Davis,Female,18,12th,112,Science,43.9,52.3,51.8,F,80.8,2.9,62.9,0
298,Joe Simmons,Female,15,10th,105,Math,55.2,53.7,48.5,F,78.6,3.1,57.7,1
299,Sarah James,Male,15,10th,103,Art,100,100,97.7,A,85,7.9,86,1
300,Rachel Chavez,Female,16,11th,101,Computer,61.8,72.5,71.6,C,81.7,3.3,67.9,1
301,Thomas Gutierrez,Male,14,9th,117,English,74.1,64.7,76.9,C,85,3.4,78.7,1
302,Joseph Gutierrez,Female,17,11th,104,Computer,69.6,64.5,86.6,C,84.8,2.5,71.8,1
303,Caleb Sullivan,Male,17,11th,117,English,70.7,85.7,81.5,B,92.6,4.6,87.5,1
304,Jacqueline Greer,Male,14,9th,111,English,59.6,59.1,72.4,D,77.4,1.8,62,1
305,Madison Cook,Male,15,9th,102,English,61.2,62.4,52.9,D,72.5,3.6,53.6,1
306,Kathryn Cox,Female,16,11th,102,Math,64.6,68.7,59.1,D,85.6,4.1,62.8,1
307,Brian Tyler,Male,17,12th,111,English,54.6,75.3,82,C,81.4,4,72.8,1
308,Thomas Mitchell,Female,17,12th,109,English,88,81,83,B,91.3,6.7,86.9,1
309,Arthur Guzman,Female,16,10th,102,Computer,51.3,60.4,58.4,D,80.5,4,62,1
310,Daniel Beck,Male,16,11th,104,History,79.2,72.3,63.1,C,83.4,4.3,68.1,1
311,Edward Hines,Female,14,9th,104,History,60.5,78.4,69.4,C,84.2,4.7,79,1
312,Karen Reynolds,Female,16,10th,115,History,66.4,61.2,75.4,C,88.3,7.3,69.9,1
313,Lily Hayes,Male,16,10th,118,English,42.2,45.2,57.5,F,70.4,0.9,65.8,0
314,Karen Wood,Male,15,10th,111,Math,63.1,63.8,61.9,D,72.3,2.5,52.4,1
315,Angela Jones,Male,17,12th,108,Math,58.3,71.6,69.8,C,77.9,4.9,63.9,1
316,Kelly Lopez,Female,18,12th,119,Computer,69.3,69.2,71.3,C,78.9,5.8,72.7,1
317,Paul Torres,Female,17,11th,120,History,94.3,87.4,100,A,89.6,9.5,100,1
318,Logan Howard,Female,15,9th,118,Science,43.9,46.3,48.7,F,63.9,1.8,35.6,0
319,Stephen Scott,Female,16,10th,112,History,58.2,54.7,65.9,D,83.4,1.4,69.9,1
320,Mason Simon,Male,17,12th,118,Math,71.2,74.3,72.8,C,81.5,4.4,66.5,1
321,Lily Castillo,Male,16,10th,110,History,89.2,85.7,85,A,86.9,7,76.4,1
322,Barbara Howard,Male,16,11th,101,Science,58.7,53,55.1,D,86.8,1.3,67.8,1
323,Parker Fisher,Female,15,9th,110,Math,94.6,100,100,A,91.8,8.5,94.1,1
324,Lisa Chavez,Male,17,11th,113,Math,57.9,61,73.9,C,78.8,2.5,73.4,1
325,Christina Sullivan,Male,16,11th,114,English,65.2,77.1,81.3,B,90.4,7,86.7,1
326,Addison Bailey,Male,15,9th,117,Math,71.1,72.9,67.3,C,84.5,5.9,70.3,1
327,Caleb Bailey,Male,15,9th,118,Science,41.4,52.5,48,F,80.6,2.6,74.6,0
328,Danielle Gonzalez,Female,15,10th,101,Science,55.7,65.3,60.9,D,75.1,2,60.4,1
329,Jesse Hubbard,Male,17,12th,112,Math,53.2,58.3,56.1,D,81.4,4.2,59.9,1
330,Patrick King,Female,15,9th,102,English,42.9,45.1,55.2,F,71.7,2.1,55.2,0
331,Justin Cooper,Female,14,9th,109,Math,60.4,57.1,66,D,79.1,4.5,62.1,1
332,Ryan Campbell,Female,17,12th,102,Math,72.7,75.4,64.7,C,89.9,5.5,80.5,1
333,Rachel Reynolds,Female,17,12th,107,Computer,52.5,48.4,55.6,F,81.7,2.1,66.7,1
334,Jonathan Williams,Female,17,11th,120,English,46.1,53.9,58.3,F,74.2,3.2,54.2,1
335,Pamela Gordon,Male,17,12th,111,History,79.5,78.1,82.1,B,98,5.7,90.6,1
336,Douglas Boyd,Male,14,9th,102,Art,84.3,77.5,90.8,B,90.4,8,94,1
337,Donna Ortiz,Male,16,10th,118,Math,64,64,47.4,D,86,5.1,78.8,1
338,Savannah Hardy,Female,14,9th,107,Science,53.3,62.3,64.9,D,81.6,3.1,96.4,1
339,Christine Gonzales,Male,16,11th,114,Computer,67,71.6,66.1,C,82.7,5.9,80.3,1
340,Roger Cook,Male,17,12th,117,Math,44.6,55,52,F,83.9,2.8,57.4,1
341,Patrick Lee,Female,16,11th,107,History,79.2,69.2,84,B,82.7,3.6,75.8,1
342,Christopher Cunningham,Female,15,9th,111,Computer,64.9,59.5,77,C,80.4,3.6,73.3,1
343,John Freeman,Male,17,11th,101,Math,68.6,66.8,76.5,C,81.9,4.3,62.7,1
344,Roger Stevens,Female,17,11th,115,Computer,75.3,80.1,68,C,81.1,3,60.6,1
345,Parker Douglas,Male,15,9th,116,History,80.5,65.7,62.8,C,78.5,4.3,71.9,1
346,Bruce Long,Male,17,12th,119,English,45.8,66,55.9,D,76.4,1.9,43.7,0
347,Mark Vasquez,Male,17,12th,102,Art,77.9,79.6,66.5,C,86.1,7,84.3,1
348,Christopher Barber,Male,15,10th,112,English,74.3,72.4,76.3,C,91.7,7.3,87.5,1
349,Grace Hall,Female,16,10th,116,History,34,43.9,48,F,83.6,1.9,54.8,0
350,Jacob Matthews,Female,16,11th,118,Computer,63.2,68.5,75.3,C,78.8,4.4,66,1
351,Arthur King,Female,18,12th,102,Math,61.4,63.3,64.2,D,69.9,3,42,0
352,Donna Arnold,Female,17,11th,116,Math,73.8,68.3,68.3,C,77.9,2.8,52,1
353,Heather Perry,Male,17,12th,109,Computer,76.3,86,68.9,B,81.9,7.3,68.5,1
354,Karen Marshall,Male,18,12th,107,Computer,65.3,77.4,74.2,C,84.1,4.1,67.2,1
355,Helen Owens,Male,17,12th,101,Science,65.2,76.3,67.3,C,83.2,3.2,56.8,1
356,Julie Ortiz,Male,18,12th,102,Art,75.3,70.1,65.6,C,75,2.9,47.7,0
357,Samantha Campbell,Male,16,10th,110,English,85.4,83.2,80.5,B,85.5,7.2,67.6,1
358,Brian Hines,Male,14,9th,111,Math,57.4,61.3,55,D,66,2,52.7,1
359,Jeremy Greer,Female,15,9th,110,Science,46.9,48.7,52.3,F,80.6,0.3,50.7,0
360,Joe Patterson,Male,14,9th,112,Science,38.7,47.7,48.8,F,72.5,2.7,62.7,0
361,Alexander Rivera,Female,14,9th,109,English,71.9,85.4,73.5,B,84.9,5.5,71.6,1
362,Owen Gutierrez,Male,17,12th,113,Math,72.1,68.4,72,C,81.6,6.8,76.9,1
363,Chase Ward,Female,17,12th,106,Math,73.5,60.8,80.3,C,75.6,7.4,68.3,1
364,Dylan Stephens,Male,15,9th,113,Science,72,73.2,86.1,B,92.4,4.4,85.3,1
365,John Evans,Male,14,9th,114,Computer,76.9,75.2,58.2,C,86.5,7,93.6,1
366,Billy Miller,Female,17,12th,110,Math,77.3,58.7,79.8,C,86,6.7,75.6,1
367,Christine Peterson,Female,16,11th,107,English,51,52.7,55.3,F,86.7,1.4,71.5,1
368,Mila Garcia,Male,14,9th,114,Science,55.5,62.6,55.7,D,80.4,1.7,60.1,1
369,Sandra Hamilton,Female,16,10th,120,English,45.3,61.5,62.2,D,80.6,2.3,63.4,1
370,Joshua Stewart,Female,14,9th,102,History,90.3,86.9,100,A,92.5,5.4,95.7,1
371,Pamela Chavez,Female,17,12th,110,Art,70,72,87.5,B,86.6,4.7,83.1,1
372,Steven Colon,Female,14,9th,117,Computer,56.4,58.2,60.1,D,82.2,3,50.1,1
373,Donald Romero,Male,17,12th,119,History,42.1,61.6,48.4,F,68.1,4.9,50,1
374,Brian Ortiz,Female,17,12th,105,Math,59.6,56.8,54.7,D,87.3,3.9,78.3,1
375,Nicole Marshall,Female,17,11th,111,Math,47.5,54.5,58.1,F,76.7,1.6,66.4,1
376,Benjamin Rogers,Male,14,9th,105,Science,71.6,68.5,80.5,C,80.9,5.4,60,1
377,Cole Ward,Female,17,11th,120,History,63.8,69,68,C,83.3,3.1,71.3,1
378,Jacob Brown,Male,14,9th,112,Science,49.6,63.7,62.8,D,77.1,1.1,55.9,1
379,Maria Guzman,Female,18,12th,107,Science,49.4,42.8,54.5,F,76.7,5,57.6,0
380,Ryan Williams,Male,16,11th,106,English,92.1,91.3,99.3,A,86.5,10.9,87.1,1
381,Connor Payne,Male,17,12th,114,Math,83.6,69.7,75.4,B,89.3,7.6,77.6,1
382,Pamela Gomez,Female,15,9th,106,English,75.2,91.2,89.1,A,90,5.7,82.4,1
383,Arthur Williams,Female,16,10th,104,English,65.3,50.9,65.8,D,78.6,1.2,57.2,1
384,Jean Campbell,Female,17,11th,107,Computer,52.4,45.9,65.7,D,88.1,2.8,61,1
385,Anna Bryant,Female,14,9th,111,Science,35.3,38.8,26.6,F,76.3,0.3,71.7,0
386,Joseph Barnes,Male,16,11th,101,Math,68.7,57,75.7,C,88,5.7,88.4,1
387,Anthony Morgan,Male,17,11th,118,History,94.8,84.8,97.1,A,81.7,6.8,78.2,1
388,Connor Berry,Female,16,10th,104,English,63,54.6,58.1,D,79.5,2.1,72.4,1
389,Brandon Deleon,Female,16,10th,114,English,67.2,77.1,76.3,C,86.5,5.4,57.6,1
390,Richard Gibson,Male,17,12th,104,Computer,67.7,84.5,66.4,C,85.4,7.5,79.9,1
391,Mary Williams,Male,15,10th,118,English,56.4,57.4,46.1,F,73,3.6,53.2,1
392,Catherine Martinez,Male,18,12th,112,Science,57.7,55.8,58.6,D,73.1,1.9,45.2,0
393,Donna Murphy,Female,17,12th,118,Computer,55.8,52.2,58.1,D,88.5,2.9,77.5,1
394,Stella Moreno,Male,14,9th,119,English,58.1,50.2,59.2,D,76.8,2.7,40.1,0
395,Justin Vargas,Male,18,12th,110,History,95.1,96.8,87.2,A,94.7,7.8,79.5,1
396,George Martinez,Male,16,11th,112,English,51.2,73,57.6,D,83,4.2,77.2,1
397,Judith Klein,Male,14,9th,112,Science,70.5,75.7,84.8,B,87,5.7,66,1
398,Janice Hall,Male,17,12th,102,Math,42,50.4,55.5,F,72.6,3.1,51.7,0
399,Joan Pratt,Male,17,12th,104,Computer,49.3,60,51.2,F,72.4,2.5,41.7,0
400,Amber Love,Female,18,12th,110,History,74.9,71.9,92.5,B,86.1,5,85.4,1
401,John Ray,Male,18,12th,112,Math,55.5,70.8,67.6,D,90.7,1.5,78.4,1
402,Nancy Jenkins,Male,18,12th,117,English,95.7,97,92.9,A,96,9,100,1
403,Kevin Henderson,Female,14,9th,105,History,76.3,92.7,83.3,B,90.6,8,78.1,1
404,Sara Bell,Male,17,12th,112,English,29.1,35.9,35.3,F,71.2,1.2,50.1,0
405,David Morris,Female,14,9th,101,Computer,93.9,83.9,79.1,B,89,7,90.5,1
406,Julie Campbell,Male,17,12th,116,History,69.1,81.4,82.6,B,82.7,7.8,67.7,1
407,Hailey Valdez,Female,16,10th,115,Math,60.3,62.2,60.2,D,78.7,1.5,53.3,1
408,Janice Powell,Male,17,12th,105,Computer,84.7,69.9,72.9,B,81.9,7,70.7,1
409,Kevin Rivera,Male,16,10th,110,English,58.8,65.1,70,C,74.5,4.3,65.8,1
410,Ethan Coleman,Male,16,11th,117,Computer,68.7,71.9,84.9,B,89.1,3,83.7,1
411,Andrew Reed,Male,18,12th,107,Computer,55,57.9,81.5,C,85.5,2.7,76.2,1
412,Barbara Lamb,Male,14,9th,104,Computer,49.5,50.1,43.1,F,75.8,2,62.4,0
413,Debra Deleon,Female,17,12th,107,Computer,88.8,73.6,74.4,B,82.7,6.9,74,1
414,Ruth Keller,Female,18,12th,120,Computer,78.6,68,89.7,B,82.9,7.2,71.7,1
415,Barbara James,Male,16,11th,112,History,83.7,99.6,84.6,A,94.8,9.1,100,1
416,Diane Ballard,Female,16,11th,105,English,67,58.4,62.2,D,74.6,2,56.6,1
417,Cynthia Tyler,Male,15,10th,105,Art,69.7,73.4,59.1,C,81.4,3.6,86.8,1
418,Anna White,Male,15,10th,118,English,83,87.8,73.6,B,92.7,7.2,82.9,1
419,Sandra Gutierrez,Male,14,9th,116,History,77.1,78,69.1,C,84.8,4.5,64.3,1
420,Tyler Boyd,Female,16,10th,117,Computer,90.3,93.2,80.9,A,89.3,7.2,79,1
421,Amber Wallace,Male,18,12th,120,Science,61,59.9,44.5,F,85.1,3.5,60.3,1
422,Kelly Day,Male,16,11th,112,History,38.9,41.8,52.7,F,74.3,0.9,59.1,0
423,Parker Banks,Female,14,9th,104,English,55.2,63,71,D,77.2,0.6,60.4,1
424,Brian Rodriguez,Female,17,12th,105,Computer,76.6,74.9,72,C,86,4.9,72.3,1
425,Angela Sullivan,Male,16,11th,109,English,66.7,58.5,60.9,D,79.1,5.8,65.6,1
426,George Cooper,Female,15,9th,117,Computer,87.9,82.5,97.4,A,89.8,6.8,83.2,1
427,Ronald Russell,Female,17,12th,119,Math,65.8,49.9,64,D,76.1,2.9,56.6,1
428,Lauren Gonzales,Male,17,12th,103,English,53.8,46.4,55.7,F,73.4,0,55.8,1
429,Linda Anderson,Female,16,11th,112,Math,72.3,78.7,80,B,86.1,5.2,73.5,1
430,Stephanie Harris,Male,16,10th,108,Science,63.3,57.7,62.2,D,86.4,2.7,67.1,1
431,Jack Freeman,Male,15,9th,101,Math,65.7,62.6,65.2,D,88.3,7.2,85.3,1
432,Lauren Reed,Male,17,12th,120,Computer,71.6,71.2,66.9,C,73,3.9,51.4,1
433,Stephen Parks,Male,15,9th,107,English,59.5,71.2,60.4,D,69.8,0.5,43.6,0
434,Scott Garcia,Male,15,10th,112,History,40.4,50.9,47.2,F,76.8,2.5,75.6,0
435,Dorothy Wood,Male,16,10th,109,History,46.4,58.8,66.2,D,76.7,2.5,64.2,1
436,Donald Ferguson,Male,17,12th,110,Science,49.9,59.1,63.5,D,77.6,3.4,67,1
437,Joyce Smith,Female,16,10th,101,English,72.6,49.2,58.6,D,79.8,3.2,61.1,1
438,Barbara Davis,Male,18,12th,120,English,64.8,75.1,72,C,80.5,5.7,68.3,1
439,Gerald Ramirez,Female,15,9th,115,English,62.3,56.1,62.8,D,64.5,3.1,35.3,0
440,Amy Mendoza,Male,17,12th,118,Math,69,78.2,66.8,C,92.4,6.7,90.5,1
441,Jeffrey Sharp,Male,17,11th,104,Science,42.1,35.4,46.9,F,76.4,0.1,64.8,0
442,Cheryl Torres,Male,17,11th,120,History,45.8,31.7,37.6,F,71.7,2.1,50.2,0
443,Heather Kennedy,Female,15,10th,119,Math,68.4,63.7,56.6,D,79.3,4.9,57.8,1
444,Alexander Simon,Male,15,10th,113,Math,76.2,62.7,87.5,B,79.6,5.5,57.8,1
445,Nicholas Banks,Male,16,10th,116,Science,49.8,51.8,50.2,F,76.5,1.3,64.6,1
446,Amy Graham,Female,15,10th,110,Math,65.4,59.6,61.6,D,81,5.4,65.7,1
447,Michael Arnold,Female,18,12th,106,Computer,30,48.6,46,F,72.8,2.3,39.1,0
448,Cooper Thomas,Male,17,11th,104,Computer,54.1,60.9,57.7,D,69.2,2.3,54.8,1
449,Sharon Miller,Female,16,11th,106,History,66.1,56.3,79.7,C,76.6,3,48.6,0
450,Victoria Moreno,Male,18,12th,102,Science,49.8,65.3,65.1,D,77.5,4.2,58.7,1
451,Janet Wallace,Male,14,9th,113,Computer,62.9,68.6,56.9,D,81.7,5.4,75.7,1
452,Emma Ruiz,Female,14,9th,104,Math,61.9,61.2,85.5,C,88.8,4.5,89.3,1
453,Karen Grant,Male,17,11th,113,Science,68.1,61.8,66.2,C,86.6,3,58.4,1
454,Emma Wallace,Female,15,10th,109,Math,79.7,81.6,67.2,B,84,5.7,78.2,1
455,Tyler Gonzalez,Female,17,11th,120,Computer,60.3,64.1,83.5,C,88,5.7,74.8,1
456,Carson Patterson,Male,17,12th,116,Computer,42.6,42.4,50.1,F,83.5,3.2,69.2,0
457,Doris Wright,Male,16,11th,117,History,73.9,90.4,85.4,B,95.1,7.1,93,1
458,Victoria Roy,Male,18,12th,115,Computer,59.1,56.4,62.3,D,88.5,3.4,79.5,1
459,Bryan Morrison,Female,15,9th,115,Science,79.6,83.5,69.8,B,83.5,6.3,83.1,1
460,Jack Chavez,Female,16,11th,102,English,76.7,95.9,71.6,B,86,8.5,82.9,1
461,Linda Pratt,Male,17,11th,112,English,71.3,87.1,70.4,B,89.1,6.2,88.4,1
462,Steven Sharp,Male,14,9th,103,Math,82.8,63.4,81,B,85.6,4.3,70.5,1
463,Justin Foster,Female,14,9th,117,Computer,53.4,54.8,53.2,F,75.9,3.8,52.8,1
464,Ronald Cummings,Female,15,9th,114,English,84.4,99.9,100,A,86.7,6.9,68.2,1
465,Hailey Jimenez,Female,16,11th,120,Math,89.4,99.3,91.2,A,88.6,5.6,83.5,1
466,Pamela Vargas,Male,17,12th,112,Science,64.3,81.6,84.9,B,94.3,5.7,79.6,1
467,David Keller,Female,15,10th,115,Math,62.1,61,48,D,84.8,3.6,78,1
468,Donald Colon,Male,15,9th,112,Math,52.1,58.8,71.7,D,88.7,3.8,91.6,1
469,Lily Pena,Male,15,9th,106,English,64.9,92.4,73.5,B,87.1,6.3,84.5,1
470,Evelyn Love,Female,18,12th,119,Math,53.3,61.1,72.4,D,89.4,6.2,84.4,1
471,Jerry Romero,Male,14,9th,113,Math,42.4,44.8,49.9,F,73.5,2.3,43,0
472,Rachel Mendoza,Female,18,12th,111,Computer,48.8,39.4,59,F,77,1.2,56.7,1
473,Jeremy Richardson,Male,15,10th,106,Science,52,54.8,60.1,D,77.5,2,56.8,1
474,Cole Berry,Male,16,11th,118,History,69.3,51.7,55.9,D,80.3,4.6,72.4,1
475,Doris Walters,Female,16,10th,117,History,70.8,76.6,65.8,C,78.5,3.6,47.5,0
476,Steven Hines,Male,14,9th,102,English,78.1,75.8,81.8,B,90.9,4.2,81.4,1
477,Joyce Watkins,Female,16,10th,113,English,70.4,86,78.3,B,93.8,5.5,88.1,1
478,Mason Ortiz,Male,18,12th,101,Science,73.4,74.1,82.4,B,81.4,6.6,71.5,1
479,Jason Nguyen,Female,16,11th,101,Math,74.6,62.3,64.7,C,88.1,3.5,77,1
480,Larry Aguilar,Male,15,10th,107,Computer,45.5,48.7,52.3,F,66.6,3.9,60.4,0
481,Richard Henry,Male,16,11th,105,History,44.4,44.1,40,F,78.8,1.4,71,0
482,Jeremy Edwards,Female,16,10th,105,Science,59.2,65,68.2,D,83,5.4,59.7,1
483,James Gonzales,Female,16,11th,111,Art,85.1,77.3,82,B,89,5.5,84.4,1
484,Jesse King,Female,17,11th,103,Math,59.5,61.5,69.2,D,86.1,3.8,70.4,1
485,Grace Ross,Male,15,9th,104,History,64.4,56,65.5,D,84.4,0.2,62.2,1
486,Jeffrey Allen,Male,16,10th,105,Math,83.1,72.9,94.8,B,95.7,6,92.3,1
487,Ruth Grant,Male,14,9th,117,History,53.9,61.8,49.2,F,77.6,2.7,60.1,1
488,Ethan Poole,Male,17,11th,118,Math,60.3,66.2,66.1,D,85,4.2,73.1,1
489,Karen Fox,Female,17,12th,101,Math,41.5,42.4,39.3,F,69.5,0.7,36.6,0
490,Mila Morris,Male,16,10th,110,Science,73.9,81,77.8,B,88.8,8.8,100,1
491,Jack Martin,Female,17,11th,111,Math,82.3,93.6,90.3,A,81.5,7.6,88.8,1
492,Aubrey Gibson,Female,14,9th,113,Computer,84.9,73.8,93.7,A,86.9,7.1,85.7,1
493,Rachel Perry,Female,14,9th,106,Computer,49.1,57.6,66.8,D,81.4,3.5,63.5,1
494,Emily Alexander,Male,15,10th,107,Computer,39.9,36.1,39.9,F,74.5,1.3,56.5,0
495,Christine Tran,Male,16,11th,103,Computer,68.9,74.4,80.2,B,79.7,5.5,85.1,1
496,Arthur Romero,Female,17,11th,120,Computer,35.9,41.3,63,F,75.4,3.2,54.2,0
497,Frank Robinson,Female,15,9th,104,Science,92.3,85.7,87.8,A,97.4,6.6,87.6,1
498,Peter James,Female,14,9th,114,Computer,74.3,67.8,68.3,C,88.9,4.9,79,1
499,Raymond Fleming,Male,17,12th,110,Science,57,61.4,72.2,D,78.8,3.3,67.5,1
500,Zachary Shaw,Female,16,10th,107,Math,81.8,68.9,84.5,B,87.3,6.2,75.1,1
501,Gregory Cruz,Male,15,10th,101,Computer,56.3,59.7,52.7,D,78.6,2.2,69.4,1
502,Janice Pearson,Male,15,9th,113,Science,67,60.1,66.1,D,84.7,3.3,75.3,1
503,Andrew Morris,Female,17,12th,104,Science,64.6,60.9,64.2,D,67.8,5.3,56,1
504,Jason Mcdaniel,Male,17,11th,117,History,55.5,48.1,59.1,F,83.3,3.6,51.1,1
505,Christina Ferguson,Female,16,10th,113,Science,47.8,47.6,48.5,F,74.7,2.6,57.4,0
506,Mila Coleman,Male,15,10th,117,Science,80.7,58.6,81.4,C,83.2,8.2,85.5,1
507,Nathan Davis,Male,14,9th,108,English,85.1,80.2,86.1,B,88.1,7,80.3,1
508,Deborah Murray,Male,15,9th,107,English,76.7,76.4,85.7,B,85.3,4.5,71.1,1
509,Paisley Ruiz,Female,18,12th,118,Science,43.6,43.7,47.7,F,74.7,3.1,61.6,0
510,Logan Torres,Male,16,11th,102,Computer,60.3,59.9,62.3,D,81.6,1.4,81.1,1
511,Christine Ray,Female,14,9th,117,Art,52.8,61.9,75.4,D,70.1,3.4,49.7,0
512,Kelly Fowler,Female,15,9th,101,Science,73.9,74.2,61.6,C,81.8,3.1,63.5,1
513,Jordan Robinson,Female,16,10th,102,English,62,71.3,61,D,83.5,4.9,72.7,1
514,James Clark,Male,16,11th,101,Art,78.7,68.2,79.3,B,85.2,5.1,60.1,1
515,Alexander Stevens,Male,16,11th,119,Computer,79.2,81.8,67.2,B,87.7,8.5,77.1,1
516,Samantha Ray,Female,16,11th,116,History,74,67.2,88.8,B,94,4.1,96.2,1
517,Cynthia Colon,Male,17,12th,120,Science,47.8,53.3,54.6,F,80.6,2.5,73.1,1
518,Ethan Simmons,Female,18,12th,107,English,63.4,53.5,81.7,C,82.2,5,72.1,1
519,Hailey Reyes,Male,18,12th,114,Math,58.5,72.6,59.3,D,84.9,3.7,65.5,1
520,Cole Pratt,Male,17,11th,119,Math,98.7,100,93.1,A,100,10.1,100,1
521,Chase Hayes,Female,16,10th,105,Math,68.4,70.1,69.9,C,79.4,4.7,59,1
522,Carolyn Nichols,Male,15,10th,102,Computer,64.4,63,68.9,C,88.9,4.5,85.2,1
523,Noah Simmons,Female,17,12th,114,Science,77,83.1,87.8,B,89.6,5.5,70.4,1
524,Judith Cummings,Male,14,9th,120,Science,89.3,89.6,100,A,92.8,10,89.9,1
525,Judith Rios,Male,17,11th,106,Computer,95.5,100,99.1,A,93.3,10.8,88.3,1
526,Jacob Poole,Male,18,12th,108,English,33.2,45.9,45.6,F,67.1,0,36.6,0
527,Doris Freeman,Male,15,10th,107,Science,64.4,61.5,71.3,C,90.1,6.2,72.2,1
528,Gerald Beck,Male,18,12th,115,Math,56.8,66.8,71.1,C,79.4,2.5,59.8,1
529,Timothy Watson,Female,17,12th,115,Math,65.6,69.5,56.2,D,77.4,0,71.3,1
530,Addison Berry,Female,15,9th,108,Math,47.4,51.5,46.2,F,73.6,2.9,47.6,0
531,Matthew Nguyen,Male,16,10th,120,History,59.8,59.8,66.9,D,80.8,1.6,60.1,1
532,Benjamin Pratt,Female,18,12th,111,Computer,83.1,79.9,94.9,A,86.2,6.7,54.4,1
533,Lawrence Daniel,Female,15,9th,115,History,56.6,60.1,79.9,C,81.4,3.5,66,1
534,Mila Torres,Male,14,9th,115,English,56.5,62.2,48.6,D,78.4,2.9,54.7,1
535,Connor Watson,Female,17,11th,101,History,45,45.3,60.4,F,76.7,0.2,61.4,1
536,Parker Russell,Male,14,9th,114,English,71.8,88.2,88.1,B,90.9,6.5,87,1
537,Catherine Patterson,Male,16,11th,115,Math,62.8,65.7,44.7,D,82,4.5,80,1
538,Anthony Harrison,Female,16,11th,118,Science,68.3,74.6,90.3,B,82.3,7,79.9,1
539,Eric Page,Female,16,11th,106,Science,61.9,62.5,65.8,D,82.4,3.9,67,1
540,Frank Russell,Female,14,9th,106,Science,61.5,52.2,58.8,D,77.4,1.4,58.7,1
541,Nicholas Williams,Male,18,12th,112,Computer,69.8,82.7,75.4,B,86.4,4.6,63.9,1
542,Jeffrey Arnold,Female,17,12th,110,English,83.8,74.4,80.1,B,92.4,6.5,84.5,1
543,Carol Pena,Female,15,10th,111,Math,66.2,60.3,67.8,C,81.1,3.4,61.1,1
544,Michael Simon,Female,18,12th,108,English,60.6,53.8,72.4,D,72.1,1.3,58.6,1
545,Susan Hill,Male,15,10th,112,English,70.5,71.5,74.3,C,83.5,5.5,83.7,1
546,Helen Carpenter,Female,16,10th,106,English,89,87.3,81.2,A,90.7,6.7,83.1,1
547,Jacqueline Ruiz,Female,17,12th,107,Science,63.5,76.8,78.1,C,93,4.3,81.7,1
548,Owen Green,Male,14,9th,115,English,51.5,47.9,42.5,F,69.7,0.1,31.1,0
549,Christopher Willis,Female,14,9th,108,Math,79.5,77.1,76.4,B,92.7,6.2,72.5,1
550,Andrea Carpenter,Female,16,10th,103,English,56.5,69.5,77.8,C,83.3,4.4,75.7,1
551,Kyle Lee,Female,14,9th,116,Math,65,56.1,62.3,D,83.8,4.7,83.3,1
552,Lucy Perry,Male,15,9th,105,History,56.5,65.5,63.8,D,85.4,3.8,67.1,1
553,Mason Davis,Male,16,11th,109,Math,54.5,64.7,52.7,D,77.1,2.6,57.4,1
554,Sharon Castillo,Female,14,9th,112,Art,63.7,73.3,64.4,C,82.5,5.3,61.3,1
555,Joyce Patel,Male,16,10th,105,Computer,63.4,69.3,67.7,C,93.3,4,95.9,1
556,Sean Sharp,Female,17,11th,114,English,62.6,66.6,64.4,D,79.1,2.4,63,1
557,Victoria Barber,Male,14,9th,117,Math,39.6,44.6,36.6,F,75.5,0.1,44.3,0
558,Helen Graham,Female,17,12th,106,Computer,55,48.8,61.7,D,77.4,5.3,61,1
559,Kevin Lopez,Male,16,10th,118,English,57.7,54.5,39.6,F,70.5,0,41.1,0
560,Chase Fox,Male,16,11th,120,Math,17.1,24.4,39.5,F,64.1,0,22.8,0
561,Mary Aguilar,Female,18,12th,117,Math,42.8,37.6,50,F,79.6,0,55,0
562,Donald Bennett,Male,14,9th,102,English,86,87.5,100,A,84.4,9.1,82.3,1
563,Joan Allen,Female,16,10th,112,English,60.6,59.1,54.4,D,89.9,1,66.1,1
564,Gary Brooks,Female,14,9th,102,Computer,26.3,33.5,43.6,F,70.8,0,54.7,0
565,Ronald Clark,Female,15,10th,112,Computer,55.9,56.3,51.3,F,82.1,0.6,73.6,1
566,Abigail Stevens,Female,16,11th,119,Art,41.5,27.7,61.9,F,78.6,2.1,55.9,0
567,Noah James,Male,17,11th,110,English,77.5,87.6,90,A,86.4,7.9,73.7,1
568,Joseph Bailey,Male,14,9th,116,Art,85.7,76.6,91,A,90.7,6.5,100,1
569,Billy Beck,Female,16,10th,120,Science,57.3,57.3,46.9,F,85.3,3.7,80.1,1
570,Anna Johnson,Male,17,11th,103,Math,39.5,51.9,62.8,F,88,1.7,71.8,1
571,Paul Aguilar,Male,16,11th,118,English,75.5,89,92.8,A,96.5,7.8,89.5,1
572,Roger Anderson,Male,16,11th,107,Science,68.6,78.5,81.1,B,84.1,3.7,55.4,1
573,Donna Douglas,Male,15,9th,117,Art,34.9,39.9,31.4,F,74.5,1.9,62.7,0
574,Noah Price,Female,17,12th,120,English,60,58.6,45,F,81.2,3.9,67.2,1
575,Kathryn Ward,Male,15,10th,112,Math,46.7,58.4,46.3,F,73.1,1.9,62.1,1
576,Amber Reyes,Female,15,10th,107,Math,86.7,74.1,83,B,94.1,6.1,81.3,1
577,Lily Ortega,Female,16,11th,107,Math,80.9,88.5,75.5,B,94.9,7.8,88,1
578,Patrick Patel,Female,17,12th,117,Math,54.5,62.2,64.7,D,78.7,4.9,66.2,1
579,Keith Harris,Female,17,11th,120,Science,76,80.6,70.8,B,89.4,3.4,66.2,1
580,Owen Ellis,Female,16,11th,106,Science,56.1,61,57.9,D,73.6,3,46.3,0
581,Madison Holt,Female,14,9th,109,English,50.1,53.8,60.8,D,73,1.7,61.8,1
582,Joan Ford,Female,15,10th,120,History,84.8,82.3,86.4,B,91.8,7.8,84.9,1
583,Jordan Sanchez,Female,15,9th,102,English,67.6,80.8,78,B,84.5,6.1,73.4,1
584,Megan Wilson,Female,16,11th,106,English,91.6,93.3,95.4,A,94.5,8.5,84.6,1
585,Dorothy Watson,Female,18,12th,111,Computer,50.8,46.8,54.7,F,80.6,1.2,59.1,1
586,Jacqueline Collins,Female,16,11th,103,Science,64.7,69.9,66.5,C,90.1,3.6,72.5,1
587,Christian Parker,Male,15,9th,115,Science,50.2,55.9,52,F,75.4,6,68.5,1
588,Brenda Greer,Male,16,11th,115,History,33.1,55.3,54.6,F,73.4,0.5,49.3,0
589,Stephen Russell,Female,16,10th,103,Math,91,82.2,100,A,95.2,10.4,89.2,1
590,Stella Romero,Male,14,9th,111,Computer,64.5,62,76.3,C,81.4,4.1,78.1,1
591,Emma Brown,Male,17,12th,103,Computer,100,99.5,100,A,89.8,9.5,83,1
592,Jesse Moreno,Male,16,11th,118,Science,63,49,59.7,D,69.4,0,49.5,0
593,Terry Jackson,Male,17,11th,113,Science,66.5,79.5,70.4,C,87.4,6,75.1,1
594,Ian Stevens,Male,17,12th,119,Math,83.6,79.3,75.2,B,86.4,6.3,88.1,1
595,Jonathan Flores,Female,15,10th,107,Science,63,71.3,75.3,C,83.7,6,90.3,1
596,Brandon Cruz,Male,16,11th,120,English,73.4,79,78.2,B,78.9,3.6,64.6,1
597,Judith Cox,Female,16,10th,119,English,83.1,74.7,77.3,B,83.8,3.2,60.3,1
598,Daniel Moore,Female,15,9th,114,Science,80.9,85.1,94.3,A,89.9,7.7,79.5,1
599,Samantha Myers,Male,17,11th,108,Art,85.2,85.1,74.7,B,81.6,7,81.7,1
600,Eric Wheeler,Male,16,11th,117,Science,67.8,80.7,86.4,B,93.7,5.3,85.2,1
601,Nicole Ross,Female,15,10th,115,Science,82.9,70,74.7,B,84.2,5.4,75.5,1
602,Catherine Porter,Female,14,9th,101,Computer,76.9,77.9,82.4,B,88,7.3,79.5,1
603,Carolyn Thompson,Female,14,9th,103,History,19.4,27.9,33.2,F,71.2,1.1,39.4,0
604,Grace Casey,Female,16,11th,109,Math,28.1,43.7,44.2,F,74.6,2.3,46.2,0
605,Daniel Simon,Male,17,12th,114,Math,74.9,86.6,80.7,B,90.6,5.4,76.3,1
606,Michelle Foster,Female,17,12th,115,Computer,49.8,49.7,53.3,F,66.6,0.8,46.8,0
607,Kevin Delgado,Male,16,10th,119,Science,60.5,80.9,77.7,C,84,5.9,79.4,1
608,Shirley Poole,Male,18,12th,109,Math,63.1,75.6,49.3,D,91.1,6,77.4,1
609,Joyce Allen,Male,17,12th,115,Science,57.2,60.3,76.8,C,74.5,2.8,61.7,1
610,Amanda West,Male,15,10th,111,History,60.5,60,65.5,D,76.6,2.9,57.3,1
611,Jacob Hubbard,Female,16,10th,118,History,75,79.2,82.4,B,88.8,6.7,80.9,1
612,Charles Cooper,Male,16,10th,116,Math,37.5,34.7,31.7,F,66,1.7,40.6,0
613,Kyle Carter,Male,14,9th,111,History,52.8,56.4,57.1,D,72.8,1.7,49.9,0
614,Peter Allen,Female,14,9th,111,Science,50.6,42.2,52.2,F,79.4,2,54.2,0
615,Jack Cook,Male,15,9th,108,History,76.4,94.3,100,A,91.7,7.8,85.5,1
616,Joe Harrison,Male,14,9th,111,History,51.5,52.6,50.2,F,80.2,1.7,63.6,1
617,Noah Watkins,Male,17,11th,120,Math,70,75.5,85.7,B,80.3,4.8,74.6,1
618,Kyle Henderson,Female,14,9th,107,Math,70.1,67.2,72,C,86,3.5,64.2,1
619,Sarah Arnold,Female,17,11th,103,History,58.4,79.1,69.5,C,79.7,4.1,65.1,1
620,Ryan Fox,Male,16,11th,106,Math,56,54.1,68.7,D,81.3,3.2,72.8,1
621,Christina Stephens,Female,16,10th,118,Math,48.6,60.8,70.8,D,84.8,4.1,67.5,1
622,Henry Delgado,Female,14,9th,108,Computer,65.2,68.5,72.7,C,83.2,4.9,82.5,1
623,Caleb Foster,Female,17,11th,120,Art,68.3,67.9,72.1,C,79.7,3.7,68.1,1
624,Jennifer Ellis,Female,17,12th,114,Math,52.1,58.6,65.6,D,85.2,2.4,61.8,1
625,Mason Rodriguez,Female,15,10th,111,Math,64.6,75,82.4,C,85,7.9,83,1
626,Nathan Ruiz,Male,17,11th,113,English,88.6,97.6,92.5,A,88,6.8,81.2,1
627,Jacqueline Casey,Female,17,11th,103,Math,74.3,66,66.7,C,86.4,7,81.2,1
628,Mary Mason,Female,15,9th,114,History,50.1,34.3,63.9,F,67.6,1.1,58.3,1
629,Tyler Evans,Male,15,9th,104,History,37.9,51.2,40.7,F,64.4,4.6,56,0
630,Christine Martin,Male,17,11th,112,History,33,44.1,45.9,F,78,3.3,57.6,0
631,Virginia Lewis,Male,17,12th,109,Computer,78.5,76.4,80.7,B,79.9,4.5,74.6,1
632,Christina Price,Male,18,12th,102,Science,73,67.9,65.5,C,85.9,6.5,84.5,1
633,Grace Chavez,Male,14,9th,119,Art,84.1,84.2,78,B,92.5,7.3,74.8,1
634,Sara Fernandez,Female,16,11th,102,Math,54.8,77.1,45.8,D,86.6,4.1,85.7,1
635,Bella Colon,Male,16,10th,109,Art,99.3,87.5,100,A,95.7,6.9,97.3,1
636,Gary Barker,Female,14,9th,119,English,46.7,55.7,62.7,D,84,0.8,59.6,1
637,Jean Clark,Male,16,11th,117,History,61.5,74,67.7,C,87.6,3.7,54.3,1
638,Gary Reynolds,Female,16,10th,113,Math,67,62.7,69.2,C,85.1,2.5,61.1,1
639,Nicole Robertson,Female,15,10th,118,Math,68.8,63,73.8,C,78.9,3,78.5,1
640,Jeremy Nelson,Male,17,12th,105,Science,54.3,64.9,62,D,83.4,6,93.4,1
641,Terry Mendoza,Male,15,9th,119,English,58.4,55.7,53.2,D,73,3.6,51.9,1
642,William Morales,Female,16,11th,105,Math,49.1,33.6,29.4,F,68.5,0.6,41.5,0
643,Henry Ferguson,Female,18,12th,112,Computer,53.2,55.8,53.6,F,73.7,2,46.9,0
644,Catherine Boyd,Female,15,9th,119,History,64.7,67.2,84.9,C,80.8,6,73.3,1
645,Kelly Mitchell,Male,17,11th,108,Science,35.5,41.3,47.1,F,74.4,1.1,62.4,0
646,Melissa Miller,Male,17,12th,110,Art,78.1,71.2,88.6,B,80.3,4.2,61.1,1
647,Hannah Green,Female,18,12th,116,Art,63.7,64.6,60.2,D,79.1,3.2,67.3,1
648,Andrew James,Female,17,12th,110,Science,52.7,40.7,68.6,D,81.3,3.1,68.5,1
649,Aubrey Peterson,Male,14,9th,120,History,85.1,85.8,94.2,A,78,5.9,66,1
650,Bryan Hall,Male,16,11th,110,Science,74.9,78.2,82.8,B,90.9,5.9,80.7,1
651,Linda Gordon,Male,15,9th,109,Math,69.1,68.1,82.4,C,84.6,6,95.7,1
652,Douglas Morales,Male,17,11th,105,Computer,32,40.5,33.9,F,79.7,1.9,61.9,0
653,Wyatt Freeman,Male,17,12th,107,English,100,93.6,100,A,91.1,10,84,1
654,Bruce Wheeler,Female,15,10th,105,English,30,47.7,49,F,75.2,3.1,52.9,0
655,Cooper Powers,Female,16,11th,115,English,88.2,75,82,B,93.9,6.9,88.5,1
656,Linda Walters,Male,17,12th,116,Art,56.3,55.4,52,F,76.9,1.1,73.3,1
657,Lisa Lamb,Male,18,12th,117,History,59,70.3,67.2,C,76.3,2.7,58.8,1
658,Savannah King,Female,16,11th,106,History,85.9,100,100,A,87.4,9.7,68.9,1
659,Ethan Robinson,Female,16,10th,120,Math,91.5,83.2,80,B,86.9,8.3,87.5,1
660,Joshua Ortega,Female,16,10th,103,Computer,100,99,97.9,A,99.3,7.3,100,1
661,Cheryl Bryant,Male,17,12th,120,Math,43,39.5,37.5,F,82.2,1.7,33.5,0
662,Stephanie Grant,Female,14,9th,110,Math,67.1,54.4,71.9,C,80.4,0.4,64.2,1
663,Joseph Ramos,Male,17,12th,114,English,59.4,58.1,72.6,D,83.8,4,82.1,1
664,Justin Robinson,Female,15,9th,101,Computer,50.9,56.6,55.3,F,89.8,3,65.6,1
665,Nathan Jones,Female,17,12th,115,English,57.4,59,53.5,D,80.1,3.9,66.9,1
666,Janet Murphy,Female,14,9th,118,Math,74.4,80.8,76.3,B,78.5,5,69.9,1
667,Jacob Bailey,Female,18,12th,111,English,47.8,57.4,46,F,81.1,1.2,62.8,0
668,Andrea Gibson,Female,16,11th,104,History,61.3,75.3,78.3,C,81,6.6,73.1,1
669,Janet Walker,Male,16,11th,105,Math,46.4,52.6,62.4,F,82.7,2.3,66.1,1
670,Dennis Hill,Female,18,12th,106,English,46.3,51.5,66.9,D,78.3,3.8,62,1
671,Nathan Miller,Male,18,12th,117,Art,51.5,61,53.7,D,82.6,1.3,54.9,1
672,Emma Rogers,Male,18,12th,110,English,69.6,58.4,76.9,C,78.4,5.4,64.2,1
673,Walter Ramirez,Female,17,11th,117,English,72.9,71.2,93.4,B,98.9,6.4,96.2,1
674,Anna Cummings,Male,17,11th,118,English,41.4,40.3,50.3,F,73.5,2.3,54,0
675,Lisa Cox,Male,14,9th,106,History,58.6,65.1,64.5,D,80.4,3.8,66.9,1
676,Gerald Williams,Male,15,10th,110,Art,39.6,42.3,57,F,77.1,3.3,64.3,0
677,Jennifer Reynolds,Female,16,10th,109,Math,52.4,67.3,62.5,D,73.2,2.9,33.2,0
678,Grace Guzman,Male,15,9th,104,Math,64.2,74.6,81.2,C,83.4,5.3,71.3,1
679,Joseph Barker,Female,14,9th,117,English,69.7,60,68.8,C,75.5,1.2,47,0
680,Heather Payne,Male,15,9th,120,Art,72,64.5,63.9,C,80.3,4.4,64.7,1
681,Amy Colon,Female,16,11th,115,Math,53.6,59.9,52.7,D,80.1,3.1,67.1,1
682,Avery Edwards,Male,15,10th,105,Computer,77.1,86.6,84.7,B,82.9,5.4,84.5,1
683,Karen Hayes,Male,15,10th,107,Science,56,69.1,73.5,C,76.8,0.8,63.3,1
684,Avery Parks,Male,15,9th,107,English,40.4,37,31.7,F,65.5,3.5,45,0
685,Barbara Henderson,Male,16,11th,109,History,58.6,60.5,76.7,C,82.7,3.6,71.6,1
686,William Barker,Female,14,9th,116,History,71.7,87,73.3,B,77.3,3,62.5,1
687,Stephen Bell,Female,14,9th,110,Science,60.3,68.2,63,D,86.9,5.5,82.2,1
688,Jeffrey Snyder,Male,18,12th,103,Science,66.5,72.3,73.5,C,88.1,4.7,90.2,1
689,Jennifer Snyder,Male,15,9th,105,Science,76.7,74.2,54.8,C,78.1,3.7,61.6,1
690,Aubrey Martinez,Male,18,12th,109,Computer,52.2,64.1,71.8,D,80,3,81.3,1
691,Amanda Long,Male,16,10th,115,History,57,64.6,62,D,91.9,4.5,83.7,1
692,Angela Pearson,Male,17,12th,114,Science,60,66,54.9,D,77.5,6.1,48.8,0
693,Emily Curtis,Male,15,9th,110,Math,56.6,57.1,67.9,D,76.5,1.9,60.1,1
694,Gerald Fox,Female,16,10th,118,Math,68.2,63.5,80.6,C,76.3,3.7,59.3,1
695,Steven Ford,Male,16,11th,101,Computer,87.2,85.9,100,A,83.6,5.2,71.1,1
696,Bruce Porter,Female,17,12th,103,Math,88.3,86.7,71.1,B,94.1,9.7,99.7,1
697,Gary Harris,Female,15,9th,120,Math,50.2,47.7,58.3,F,79.2,3.3,55.6,1
698,Noah Patterson,Male,17,12th,119,Art,69,71.2,72.4,C,84.8,5.3,68.9,1
699,Brenda Brown,Female,16,11th,107,Math,41.2,51.7,36.5,F,75.2,2.5,65.3,0
700,Julie Sanchez,Female,16,11th,117,History,67.7,55.3,64.9,D,83.2,5.2,60.4,1
701,Melissa Harper,Female,17,12th,105,Math,54.9,47,61.2,D,66.1,3.4,59,1
702,Cole Vargas,Male,16,10th,120,English,64.2,63.9,67.1,C,82,3.7,66.3,1
703,Nora Miller,Female,15,10th,113,History,45.2,46,62.9,F,84.7,0.8,83.3,1
704,Steven Wells,Male,16,11th,105,Computer,67.9,88.8,78.8,B,81.5,5.2,74,1
705,George Mcdaniel,Female,16,11th,112,English,83.2,62.5,67,C,76,7.4,72.7,1
706,Frank Washington,Male,16,10th,120,Computer,68.6,68.8,62.5,C,74,3.4,71.8,1
707,Mason Colon,Female,16,11th,117,Math,70.6,55.3,68.4,C,82.9,3.1,63.5,1
708,Linda Reed,Female,14,9th,109,Science,87.9,91.7,88.9,A,88.5,7.8,78.9,1
709,Frank Colon,Male,15,9th,119,Math,58.6,86.2,64.1,C,77.4,5.6,66.2,1
710,Mason Thomas,Male,15,9th,104,Science,34.4,25.6,33.8,F,71.1,0.8,53.2,0
711,Adam Fleming,Female,17,11th,113,Math,74.6,71.7,74.2,C,83.4,4.2,78,1
712,Victoria Garcia,Female,17,12th,113,Art,81.8,84.8,96.8,A,89.4,7.5,97.5,1
713,Jeffrey Alexander,Female,17,12th,118,English,65,70.5,61.3,C,76.8,5.3,61.8,1
714,Nancy Freeman,Male,14,9th,116,Science,68.9,89.9,88.3,B,80.7,4.3,73.9,1
715,Wyatt Parks,Female,16,10th,117,English,61.2,64.2,59.3,D,73,2.5,49.7,0
716,Ian Walters,Female,17,11th,117,Science,93.8,100,100,A,100,9.8,100,1
717,Helen Rivera,Male,16,10th,116,Math,63.4,73.3,76.2,C,93.1,6,90.6,1
718,Sandra Rodriguez,Female,16,10th,110,Computer,59.6,57.8,61.2,D,77.6,1.2,66.2,1
719,Christine May,Male,15,9th,101,Math,65.2,77.3,81.1,B,84.9,7.4,75.2,1
720,Bella Jackson,Male,16,11th,106,English,58.2,56.7,68,D,83.8,1.6,49.2,0
721,Paul Simmons,Female,17,12th,103,Math,51.4,53,63.4,D,72.8,4.4,39.9,0
722,Danielle Collins,Female,14,9th,108,History,59.8,57.2,43.2,F,82.1,3.4,56.3,1
723,Barbara Guzman,Female,17,11th,118,Science,44.4,39.2,58.3,F,74.5,3.4,54.5,0
724,Jerry May,Male,17,11th,105,Computer,55,44.4,28.1,F,70.6,0,49.6,0
725,Kathryn Bishop,Female,14,9th,119,Computer,81.3,94.7,100,A,88.6,10.7,95,1
726,Ethan Anderson,Female,14,9th,115,Science,42.9,47.6,57.4,F,75.2,0.4,57.9,1
727,Cooper Simmons,Male,17,11th,110,English,84.3,88.9,89.8,A,90.9,7.3,83.5,1
728,Julie Murray,Female,17,12th,106,Computer,84.1,77,82.8,B,100,6.2,99.5,1
729,Karen Chen,Male,14,9th,116,Science,65.9,66.3,64.7,C,74.5,4.1,62.3,1
730,Arthur Hill,Male,18,12th,109,Math,71.2,69.2,100,B,83.8,4.8,67.1,1
731,Jaden Alexander,Male,17,12th,106,Math,65.3,48.1,73.7,D,78.4,1.8,60.9,1
732,Maria Evans,Female,15,10th,113,History,89.9,81.4,99.9,A,89.1,5.3,71.2,1
733,Patricia Owens,Male,17,12th,104,History,83.5,71.9,94.7,B,90.3,8.2,88.1,1
734,Christina Hunter,Male,17,12th,115,Math,67.1,63.7,85.6,C,84.3,5.2,61.5,1
735,Jean Black,Female,15,10th,110,History,76.2,73.9,66.1,C,85.7,4.8,89,1
736,Donald Taylor,Female,15,9th,117,English,69.9,67.2,80.8,C,91.8,5,88.2,1
737,Evelyn Griffin,Female,15,9th,113,Math,68.2,73.3,83.6,B,88.1,6.9,72,1
738,Ruth Campbell,Male,17,12th,107,Math,50.9,65.7,66.2,D,78.9,3.8,67.8,1
739,Stella White,Male,15,10th,120,English,48.1,56.9,68.2,D,89.9,2.3,78,1
740,Roger Santiago,Female,16,11th,109,English,90.9,99.9,95.6,A,92.2,5.2,82.5,1
741,Amanda Ford,Female,16,10th,110,History,35.6,39.6,52.7,F,80.2,1.3,55.9,0
742,Jeremy Lee,Female,17,12th,103,Math,52.3,52.3,58.8,F,80.2,3.9,63.5,1
743,Ronald Baker,Male,18,12th,113,Science,54.4,48.8,72.3,D,90.8,5.6,79.1,1
744,Jesse Ortega,Female,18,12th,110,Art,62.1,80.3,73,C,77.8,4.5,50.8,1
745,Avery Ward,Female,16,11th,104,Computer,71,63.3,73.2,C,81.6,5.3,68.9,1
746,Scott Simon,Female,18,12th,107,Computer,57.3,58,78.4,C,84.1,5.1,70.8,1
747,Paisley Romero,Female,18,12th,106,Science,92.4,95.9,100,A,94.2,9.8,100,1
748,Grace Richardson,Female,16,10th,105,English,61.9,59.5,75.5,C,81.5,4.3,66.9,1
749,Ann Carpenter,Female,17,11th,107,Computer,82.8,89.5,68.2,B,94.8,8.5,93.7,1
750,Noah Bell,Female,16,10th,115,Math,48.4,53.4,61.3,D,74.4,2.1,38.7,0
751,Jeremy Sanchez,Male,17,11th,105,Math,70.7,81.1,74.5,B,92.8,6.1,88.3,1
752,Wyatt Nichols,Male,18,12th,106,English,58.8,73.6,77.3,C,81.6,5.3,68.5,1
753,Scott Barnes,Male,15,10th,111,English,70.6,79.4,77.1,B,83.6,3.2,65.9,1
754,Carolyn Deleon,Female,17,12th,102,History,76.8,86.9,80.4,B,89.3,3.1,74.8,1
755,Helen Hines,Male,15,9th,119,Math,63.2,56.5,48.3,D,78,4.2,60.6,1
756,Matthew Romero,Female,17,12th,112,Computer,72.7,79.7,88.7,B,94.6,5.6,85.5,1
757,Emma Barnes,Male,17,12th,102,Computer,52.8,59.8,48.7,F,82,3.2,50.9,1
758,Christian Russell,Female,16,10th,105,Math,66.7,73.8,77.2,C,90.4,5.6,73.7,1
759,Helen Fisher,Female,17,11th,106,Science,68.3,56.1,51.5,D,91.9,4.1,85.4,1
760,Noah Myers,Female,17,12th,107,Science,80,70.6,74.6,B,88.5,6.3,83.5,1
761,Logan Bennett,Male,15,9th,116,Math,72.7,68.7,97.3,B,89.4,6.1,89,1
762,Nora Austin,Female,15,10th,110,Science,73.5,75.9,67.4,C,92,6.2,84.2,1
763,Olivia Rios,Female,14,9th,111,Math,73.6,63,79.7,C,89.6,5.3,74.7,1
764,Catherine Greer,Female,17,11th,118,Computer,50.7,57.9,54.5,F,75.3,2.3,51.3,1
765,William Green,Female,15,10th,119,English,71.7,70.4,70.5,C,82.6,3.5,70.5,1
766,Sean Tucker,Female,14,9th,118,History,35.1,31.2,40.8,F,66.3,0,49.2,0
767,Raymond Harrison,Male,16,10th,103,Computer,63.4,66.9,76.1,C,83.8,3.7,64.4,1
768,Stephanie Wheeler,Female,15,9th,116,Computer,64.2,81.3,67.4,C,82,6.7,84.7,1
769,Terry Page,Male,14,9th,102,Math,69.5,56,60.2,D,79.8,4.3,67,1
770,Jacob Jenkins,Female,17,11th,107,English,59.7,60.2,61.7,D,77,1.8,60.9,1
771,Diane White,Female,16,10th,115,Art,90.7,97.2,100,A,95.8,8.2,99.6,1
772,Brenda Fernandez,Male,15,9th,111,Computer,47.3,44,44.9,F,75.6,2.4,67.8,0
773,Dennis Delgado,Male,17,12th,107,Computer,42.1,51.5,54.7,F,74,3.9,58.9,0
774,Emma Gordon,Female,16,10th,108,Science,60.1,64.6,61.4,D,83.9,4.7,74.7,1
775,Lily Sharp,Female,14,9th,111,History,32.9,32.6,50.7,F,68.1,0.6,46.4,0
776,Brandon Payne,Male,16,11th,106,English,71.8,80.4,74.5,B,81.7,4.4,62.1,1
777,Billy James,Male,17,12th,111,English,39,54.3,57.5,F,87.4,3.2,69.4,1
778,John Poole,Male,17,12th,112,History,66.3,70.2,64.7,C,76.1,4.7,60.9,1
779,Abigail Mitchell,Female,14,9th,116,History,61.4,62,59.8,D,80.6,2.3,54.4,1
780,Jason Jenkins,Female,16,10th,112,History,53.2,59.5,50.7,F,85.2,3,65.9,1
781,Matthew Price,Female,15,9th,113,English,96.5,100,99.5,A,88.7,8.2,83.7,1
782,Jonathan Robertson,Male,18,12th,110,English,59.7,69,73.1,C,87.4,1.7,79,1
783,Kelly Snyder,Male,16,10th,108,Science,54.9,47.4,64.3,D,72.2,3.5,48.3,0
784,Jean Roberts,Male,14,9th,108,History,65.3,58.5,66.8,D,71.2,3.4,53.1,1
785,Billy Hall,Male,16,10th,119,Science,65,66.3,82.6,C,75.1,5.6,59.6,1
786,Jonathan Barnes,Female,17,11th,111,Computer,83.4,83.1,87.7,A,89.1,6.8,79.5,1
787,Jacqueline Shaw,Female,14,9th,116,History,63.9,59.2,51.5,D,77.3,1.9,59,1
788,Jaden Martinez,Female,15,9th,106,Science,70.5,71.8,76.3,C,81.9,5.3,70.2,1
789,Jean Greer,Male,14,9th,110,English,42.2,52.5,35.1,F,75.3,1.5,57.4,0
790,Megan Guzman,Male,17,11th,103,Science,72.5,75.9,77.9,B,86.5,3.6,77.6,1
791,Robert Powers,Male,14,9th,107,Computer,72.4,79.8,77,B,83.1,5.4,63.1,1
792,Anthony Hamilton,Male,14,9th,108,Science,84.3,86.6,84.7,A,84.1,6.3,70.4,1
793,Katherine Barker,Female,17,11th,102,Computer,70.9,64,60.1,D,74.4,3.7,61.7,1
794,Amy Allen,Male,17,12th,102,Math,59.3,57.1,56.8,D,84.6,0,58.2,1
795,Kelly Evans,Male,18,12th,118,Math,57.6,51.7,57.8,D,74.2,3.2,57.3,1
796,Helen Ramos,Male,15,10th,120,History,59.1,69.5,79.5,C,77.2,6.1,87.4,1
797,Debra Edwards,Female,15,9th,109,English,91.3,88.9,100,A,94.5,10.5,100,1
798,Mila Baker,Male,16,11th,110,Computer,68.2,58.6,75.3,C,84.1,3.3,77,1
799,Hailey Fowler,Male,17,11th,104,Computer,79.8,89.9,97.9,A,83.3,6.4,82,1
800,Julie Wright,Male,17,12th,110,Math,44.8,51.6,55.5,F,69.9,1.3,53.2,1
801,Gerald Banks,Male,14,9th,111,Science,79.5,73.6,67.7,C,89.3,5.5,85.2,1
802,Janice Fowler,Female,18,12th,109,English,57.7,62.6,56.7,D,76,1.9,50.1,1
803,Kathryn Cook,Male,14,9th,113,Science,73.8,88.6,74.2,B,79.7,5.5,65.1,1
804,Maria Hines,Female,17,11th,119,Computer,84.2,86.6,95.4,A,86.6,6.5,79.9,1
805,Joan Parker,Female,17,12th,102,Computer,72.2,70.3,81,B,86.8,8.6,68.6,1
806,Jordan Beck,Female,15,9th,102,Science,56.1,45.8,59.8,F,83.4,3.4,62.4,1
807,Jack Collins,Male,16,11th,114,Computer,37.2,41,48.7,F,69.4,1.2,59.1,0
808,Tyler Cruz,Female,18,12th,105,History,86.6,72.1,82,B,89.7,6,76,1
809,Andrea Gutierrez,Male,16,10th,111,Science,63.2,49.1,77.9,D,76.8,2.6,58.7,1
810,Nicole Hall,Female,17,12th,107,History,42.3,35,47.8,F,71.8,0.5,49.5,0
811,Debra James,Female,14,9th,115,English,47.6,52.3,49,F,81.4,1.2,53.6,0
812,Anna Kennedy,Male,14,9th,112,Math,44.7,55.7,65.2,D,79.2,2.4,47.5,0
813,Shirley Hunter,Male,16,10th,117,English,50.2,61.3,53.4,F,80.5,3.4,47.6,0
814,Paul Mendoza,Female,15,9th,112,Math,79.2,73.4,67,C,89.1,6.7,86.4,1
815,Jason Barber,Male,14,9th,102,Science,57.5,61.9,58.8,D,78.9,2.6,58.7,1
816,Rachel Casey,Male,17,12th,119,History,54.8,53.1,60.4,D,80.5,3.3,78,1
817,Paul Thomas,Male,15,10th,101,History,49.7,52.5,51.1,F,85.9,1.9,75.5,1
818,Bryan Hunter,Male,15,10th,112,Math,76.9,77.5,85.2,B,86,6.9,87.7,1
819,Edward Ray,Female,14,9th,103,Science,56,61.5,61,D,78.7,6.3,74.2,1
820,Jason Medina,Male,16,11th,108,Science,70,75.3,78.7,B,92,5,74.3,1
821,Kathleen Freeman,Male,17,11th,101,Science,68.1,56,63,D,71.3,3,54,1
822,Ann Curtis,Male,14,9th,110,English,65.2,64.5,66.5,C,80.7,3.7,69.9,1
823,Brandon Patterson,Female,15,9th,103,Science,54.4,62.6,52.9,D,80.7,2.5,71,1
824,Zoe Santiago,Female,16,11th,110,Math,69.4,68.6,71.9,C,97.6,5.4,98.8,1
825,Alexis Vasquez,Male,16,11th,109,Computer,67.1,82.5,78.6,B,77.4,5.9,77,1
826,Cameron Lopez,Female,16,10th,120,English,61.3,72.9,58.1,D,74.7,2.7,46.5,0
827,Benjamin Wells,Male,17,12th,105,Math,77,64,74.7,C,86.2,3.4,69.2,1
828,Mark Henry,Female,17,12th,110,Science,73.3,91.5,85.5,B,87.8,9.1,89.5,1
829,Sharon Bailey,Male,17,11th,113,Computer,63.4,77.7,64.2,C,81,3.9,49.5,0
830,Gregory Patel,Female,17,12th,113,English,66.2,60.2,65.4,D,84.2,5.4,81.8,1
831,Nicholas Nichols,Male,14,9th,108,History,75.7,76.9,82.7,B,74.9,4.4,64,1
832,Aaron Beck,Female,14,9th,108,English,93.1,94.7,99.5,A,93.2,8.4,91,1
833,Stephanie Robinson,Male,17,12th,113,English,85.2,87,95.5,A,75.2,6.8,70.5,1
834,Alexander Robinson,Male,15,10th,119,History,82,88.3,100,A,85.5,5.8,76.9,1
835,Robert Davis,Female,17,11th,116,History,63.7,62.9,74.1,C,90.6,2.6,87.6,1
836,Andrew Thomas,Male,17,12th,102,Math,72.2,70.8,68,C,85.1,4.5,76.2,1
837,Brandon Nguyen,Male,17,11th,111,Computer,61.2,64.2,68.9,C,79.6,2,70.3,1
838,Richard Curtis,Male,18,12th,106,Computer,79.9,95.1,94.9,A,85.2,7.5,70.8,1
839,Jessica Moreno,Female,17,11th,105,Computer,77.7,71.9,85.9,B,83.2,6.6,67.3,1
840,Janice Cunningham,Male,18,12th,111,History,67.1,61.2,67.7,C,77.6,4.2,62.8,1
841,Katherine Parker,Female,15,10th,105,History,79.4,68.8,78.9,B,85.2,4.4,58.6,1
842,Emily Valdez,Male,17,12th,116,Math,54.5,59.7,59.2,D,83.7,3.1,75.6,1
843,Stella Ray,Female,14,9th,116,English,60,67.1,72.4,C,87.2,3.7,63,1
844,Jean Daniel,Female,17,12th,117,Computer,93.2,88,100,A,89.1,5.5,67.6,1
845,Sandra Turner,Female,15,9th,107,Science,32.6,45.7,58.1,F,72.5,0.3,55,0
846,Patricia Simmons,Female,16,11th,113,Science,70,61.8,71.4,C,77,4.9,71.7,1
847,Ariana Tran,Male,17,12th,118,Math,74.4,62.3,64.2,C,82.9,3.6,65.9,1
848,Samantha Jones,Male,17,11th,110,Math,61.2,66,93.4,B,82.6,7,75.9,1
849,Hannah Willis,Male,16,10th,111,Science,79.7,74.9,67.4,C,79.7,5,65.4,1
850,Carl Sanders,Male,17,12th,104,Computer,57.3,57.9,71.1,D,83.1,4,85.6,1
851,Judith Patterson,Male,14,9th,107,Math,54.9,46.6,52.6,F,85.6,2.7,73.1,1
852,Maria Jackson,Female,16,11th,120,English,91.4,100,87.3,A,92.7,8,97,1
853,Edward Wallace,Female,14,9th,113,Math,74.6,75.5,80.7,B,81.3,7.5,79.9,1
854,Joseph Vargas,Male,16,11th,108,Math,58.3,77.1,88.6,B,83.2,4.3,77.4,1
855,Anna Fleming,Female,15,9th,115,History,56,47.9,79.7,D,83.8,1.9,67.4,1
856,Carl Lewis,Female,14,9th,107,History,55.7,45.9,49.4,F,76.2,2.3,69.7,1
857,Steven Patterson,Female,17,12th,119,Computer,69.7,84.1,100,A,87.8,5.3,92.1,1
858,Charles McDonald,Male,17,12th,117,Math,67.1,68.5,63.3,C,86.8,4.6,70,1
859,Zachary Green,Female,15,9th,119,History,70.3,80.2,73,C,83.2,6.6,69.9,1
860,Sean Ramirez,Female,17,12th,116,Computer,48.5,43.4,47.7,F,75.1,2.3,40.5,0
861,Nancy Sanchez,Female,16,10th,112,History,45.8,61.6,62.9,D,73.9,4.5,68.5,1
862,Mason Myers,Female,16,11th,108,English,52.8,69.5,50.9,D,83.1,3.2,63.4,1
863,Lucy Brooks,Female,16,11th,103,Math,66,59.1,57.3,D,73.5,3.5,59.1,1
864,Jessica Murphy,Female,17,12th,115,Math,73.2,79.3,58.8,C,84.1,6,75.2,1
865,Amanda Turner,Male,16,11th,118,English,39.9,42,58.9,F,69,2.1,48.5,0
866,Kevin Alexander,Female,17,12th,101,Math,41.7,49.8,47,F,70.4,0,50.9,0
867,Bruce Gray,Female,16,10th,111,Computer,74.7,77.2,85.7,B,91.6,6.3,86.2,1
868,Alexander Medina,Male,16,11th,105,Science,71,71.3,70.8,C,79,5.8,61.5,1
869,Matthew Morales,Female,14,9th,106,History,70.7,73.2,74.1,C,81.6,6.3,71.9,1
870,Stephen Payne,Female,16,11th,120,English,79.2,76.2,70.7,C,86.7,6.5,86.5,1
871,Kimberly Willis,Male,17,12th,115,Computer,99.8,100,99.9,A,91.8,12,97.3,1
872,Amber Brown,Female,15,10th,107,English,68.4,62.2,67.8,C,80.4,3.1,67.8,1
873,Kyle Stevens,Male,16,11th,105,English,91.9,82.3,87.8,A,94.5,5.9,82,1
874,Cole Olson,Male,16,11th,117,Science,57,57.9,57.2,D,78.1,0.5,49.2,0
875,Lily Tyler,Male,15,9th,114,History,45.9,52.2,44.1,F,72.4,2.2,48.3,0
876,Parker Carter,Male,18,12th,102,Science,43.6,42.5,57.3,F,71.7,0,52.4,0
877,Nicholas Peterson,Female,17,12th,107,Computer,76.2,83.7,75.9,B,95.5,6.2,100,1
878,Jesse Keller,Male,15,10th,111,English,76.1,83.8,100,A,85.7,6.5,86.5,1
879,Christian James,Male,14,9th,107,Computer,71.8,88.4,79.4,B,95.3,6.6,100,1
880,Keith Wright,Female,15,10th,112,History,33.2,53.4,56.9,F,71.7,1.5,41,0
881,Gregory Pierce,Female,17,11th,119,History,48.7,52.6,59.6,F,84.2,4.1,80.9,1
882,Zoe Romero,Female,14,9th,119,Math,68.3,68.5,71.8,C,85.8,7.7,67.5,1
883,Ethan Baker,Male,18,12th,106,Computer,55.7,67.9,64.1,D,81.1,3.1,70.4,1
884,Debra Brown,Male,16,10th,117,Computer,58.4,70.7,83.9,C,84.3,4.2,85.5,1
885,Logan Garcia,Female,15,9th,108,Computer,64.8,58.7,66.2,D,83.7,1.9,68.8,1
886,Parker Ballard,Female,15,9th,114,Math,88.3,100,98.1,A,93.5,9.6,81.9,1
887,Sarah Nguyen,Female,16,11th,101,Math,62.7,61.9,77,C,84.4,5.9,73.8,1
888,Nora Fowler,Male,16,11th,107,Science,66.9,65.8,80.4,C,84.4,4.7,70.7,1
889,Mark Murphy,Male,17,11th,120,Math,71.5,75.9,82.2,B,82.6,7.7,73.2,1
890,Cynthia Mitchell,Female,16,10th,117,English,70.7,83.8,83,B,93.3,5.6,96.6,1
891,Ian Turner,Female,16,10th,111,Art,30.6,30.5,32.3,F,66.8,1.2,52.8,0
892,Jacob Robinson,Female,17,12th,108,History,49.5,66.6,58.4,D,78.1,0.9,56.5,1
893,Pamela Sanders,Male,15,10th,114,Art,52.4,50.8,43.8,F,85.5,1.4,52.7,0
894,Cooper Adams,Male,18,12th,103,Science,49.1,36,36.8,F,77.9,2.4,53.8,0
895,Lisa Walker,Male,17,12th,120,Science,68.1,79.4,73.5,C,91,6.5,74.1,1
896,Brian Willis,Male,15,9th,102,Math,77.6,69.9,57.5,C,86.4,4.9,52.1,1
897,Jonathan Richardson,Male,16,10th,120,English,59,57.6,64.3,D,87.5,5.7,66.7,1
898,Deborah Griffin,Female,17,11th,117,Math,50.8,32.4,36.7,F,75.2,2.4,55.6,0
899,Janice Rogers,Male,14,9th,118,Science,82.6,64,74.9,C,81.6,5.2,77.8,1
900,Nancy Hughes,Male,15,10th,102,History,54.3,47.6,39,F,74.8,2.7,64.4,0
901,Brian Marshall,Female,14,9th,119,History,48.8,52.9,50.8,F,79.7,2.8,63.2,1
902,James Olson,Male,16,11th,106,English,59.7,62.7,75.3,C,82.7,3.2,61.3,1
903,Peter Castillo,Male,15,10th,105,Math,74.7,70,75.8,C,86.1,4.8,75.7,1
904,Lily Campbell,Male,15,10th,107,Computer,62.4,71.7,69.8,C,78.6,5.1,60.8,1
905,Hannah Klein,Female,18,12th,108,History,76.9,74.7,73.4,C,89.6,5.2,87.3,1
906,Samuel Rios,Male,16,11th,105,Science,60.2,62.2,55.2,D,77.2,2.2,70.4,1
907,Elizabeth Cooper,Female,16,10th,102,History,70.7,73.1,54.1,D,87.8,3.2,64.2,1
908,Shirley Simon,Female,18,12th,120,Computer,50.3,54.2,68.8,D,88.2,3.2,79.4,1
909,Samuel Perez,Female,18,12th,114,Computer,45,50.2,61.3,F,77.1,2.3,66.6,1
910,Benjamin Herrera,Female,14,9th,114,History,51.4,44.6,49.8,F,78.1,1.1,51.4,0
911,Andrea Bennett,Male,17,12th,110,History,68.8,87.8,76.3,B,83.4,8.6,75.2,1
912,Christopher Cook,Female,17,11th,114,English,73.8,75.8,88,B,87.4,6.7,90.7,1
913,Eric Alexander,Female,17,12th,110,Math,52.4,69.5,58.6,D,75.4,2.7,52.2,1
914,Pamela Mendoza,Male,15,10th,111,Math,50.7,50.1,55,F,82.1,2,70.5,1
915,Ian White,Female,14,9th,103,Science,42.1,45.5,58.1,F,76,2.8,64.1,0
916,Wyatt Gonzalez,Female,15,9th,114,English,70.4,79.6,80.3,B,80.2,4.5,56.7,1
917,Cooper Alvarez,Female,16,10th,112,English,85.9,63.3,77.8,B,79.3,5,94.2,1
918,Jeffrey James,Female,15,9th,113,History,63.3,68.7,64.6,C,82,5,86.9,1
919,Joan Young,Female,16,10th,114,Science,56.6,56.7,57.9,D,87,1.1,73.8,1
920,Steven Guzman,Male,17,11th,113,Science,82.6,80.4,84.3,B,85.8,6.3,72.6,1
921,Sara Hill,Male,16,11th,112,History,84.7,92.5,98.6,A,90.5,7.7,89.9,1
922,Nicholas Wilson,Male,17,11th,105,Math,76.3,78,60.1,C,87.1,5.7,87.9,1
923,Jaden Moreno,Female,16,11th,105,English,44.1,46.6,45.6,F,72.4,1.1,53,0
924,Kevin Sullivan,Male,18,12th,115,English,70.8,53,61.7,D,82.4,2.6,61.5,1
925,Pamela Hunter,Male,14,9th,105,Science,83.3,77.7,85.1,B,85.2,6.4,87.6,1
926,Kenneth Griffin,Male,17,12th,106,English,62.4,49.7,61.3,D,82.7,4.5,71.1,1
927,Thomas Douglas,Male,17,12th,114,Science,53.5,71.2,62.1,D,83.3,5.4,69.2,1
928,Melissa Murphy,Male,14,9th,116,Science,62,60.3,64.1,D,84.7,3.8,74.9,1
929,Debra Chen,Female,15,10th,107,Math,63.7,66.4,66.1,C,84.5,5.4,79.2,1
930,Logan Baker,Male,17,11th,109,Science,28.7,35.1,25,F,64.2,0,43.2,0
931,Samuel Diaz,Male,16,11th,108,Math,75.9,78.5,70.7,C,83.1,5.9,67.8,1
932,Judith Walker,Male,18,12th,104,Science,72.5,66.4,81.2,C,88.8,7.1,84.6,1
933,Emily Jimenez,Male,17,11th,119,English,53.7,53.5,60.5,D,84.5,2.7,70.7,1
934,Hannah Hayes,Male,16,11th,108,Science,56.6,68.1,70.7,C,83.4,5.9,78.6,1
935,Alexander Henry,Male,18,12th,112,English,86.9,92,100,A,91.2,8.2,82,1
936,Zachary Hunter,Male,17,12th,120,Computer,30.2,30,38.7,F,67.9,2.8,50.2,0
937,Nicole Tran,Female,17,12th,112,Computer,47.6,46.9,47.6,F,68.4,0,35.5,0
938,Austin Marshall,Male,15,10th,104,Science,42,56.4,58,F,76.3,0.7,33.2,0
939,Grace Pratt,Male,16,11th,108,History,73.7,81.5,79.2,B,78.2,5.4,56.1,1
940,Sean Guzman,Male,18,12th,109,History,58.8,48.1,74.7,D,77.8,2.9,53,1
941,Jeremy Berry,Female,15,9th,105,Science,57.7,78.8,52.5,D,83.2,4.8,66.7,1
942,Daniel Lamb,Female,16,10th,119,History,88.2,91.5,88,A,93.1,8.4,95.8,1
943,Cameron Castillo,Female,16,11th,105,Math,79.1,82.1,80.3,B,83.3,8.4,79.3,1
944,Barbara Chavez,Male,17,11th,104,Computer,47.6,48,53,F,71.1,1,26.6,0
945,Evelyn White,Male,17,12th,119,Computer,83.9,76.1,80.9,B,87.5,4.2,77.5,1
946,Carolyn Barker,Female,16,10th,101,History,53.9,59.6,43.9,F,72.3,0,58.7,1
947,Cole Jones,Male,15,9th,109,Math,44.5,40.9,46.1,F,75.3,2.4,39.5,0
948,Anna Ward,Female,16,10th,101,English,73.5,66.2,76,C,83.5,5.4,74.1,1
949,Linda Bennett,Female,17,11th,102,Computer,57.5,61,62.9,D,78.4,3.3,73.4,1
950,Anthony Garcia,Male,16,11th,115,Science,85.3,93.3,85.9,A,94.9,8.8,82.3,1
951,Shirley Evans,Male,16,11th,116,English,49.4,60.1,60.7,D,77.7,2,62.3,1
952,Ariana Klein,Male,15,9th,115,History,64,74.9,67.6,C,75.8,4.3,62,1
953,Zoe Ortiz,Female,15,10th,115,Computer,44.5,58.3,64.6,D,69.8,0.8,50.6,1
954,Jennifer Casey,Male,14,9th,114,English,59.1,51.7,66.1,D,75.2,0,57.4,1
955,Scott Day,Female,16,11th,104,Computer,85.4,88.2,80.7,B,92.2,7.7,92,1
956,Mason Hall,Male,17,11th,117,Computer,68.1,67.2,70.8,C,89.4,5,71.4,1
957,Barbara Coleman,Male,16,11th,115,History,77.9,76.3,82,B,88.3,4.3,87.6,1
958,Deborah Lamb,Male,17,11th,102,Math,73.2,80.7,70.6,C,85.9,8.1,100,1
959,Gerald Anderson,Male,15,10th,108,English,39.2,35.2,65.1,F,68.2,3.2,53.8,0
960,Abigail Daniel,Female,15,9th,118,Math,53.6,62.4,56.6,D,84.5,2.1,69,1
961,Avery Vargas,Male,15,10th,103,Science,68.1,72.6,75.2,C,84.5,4.3,79.8,1
962,Keith Johnson,Female,16,10th,116,Computer,54.8,58.1,41.1,F,78,1.2,60.8,1
963,Emma Reyes,Male,16,11th,117,History,65.2,58.5,78.9,C,85.8,3,90.1,1
964,Stephanie Stephens,Male,14,9th,103,English,58.4,53.5,52.1,F,80.9,1.3,61.5,1
965,Caleb Patterson,Male,14,9th,102,Computer,62.3,70.4,76.1,C,76.2,5.6,73.3,1
966,Jeremy Campbell,Male,16,10th,117,Art,46,54.7,54.8,F,75.7,2.6,60.9,1
967,Connor Barber,Male,14,9th,104,Computer,48.6,59.3,51.8,F,83.8,1.5,66,1
968,Sean Sanchez,Male,16,10th,105,Art,74.5,73.2,74.7,C,88.5,3.6,78,1
969,Betty Santiago,Male,18,12th,107,Science,49.5,58.5,57,D,79.8,3.4,62.4,1
970,Hannah Page,Male,17,12th,104,English,61.6,49.2,43,F,77.3,4.1,69.7,1
971,Heather King,Male,14,9th,114,History,61.4,58.7,77.1,C,83.4,4,63.8,1
972,Peter Brooks,Female,16,10th,102,Science,72.3,81.1,86.8,B,79.3,2.8,62.1,1
973,Jack Pearson,Male,17,11th,110,Computer,64,61,75.1,C,83.8,3.4,67.6,1
974,Carolyn Gonzales,Male,14,9th,112,Math,56.4,61.2,74.1,D,76.5,5.1,69.1,1
975,Sandra Snyder,Female,18,12th,101,English,85.9,89,72.6,B,86.2,5.7,75.6,1
976,Dorothy Love,Male,16,11th,115,English,85.2,81,100,A,95,8.5,84.3,1
977,Janet Delgado,Female,14,9th,103,Math,64.1,72.5,63.6,C,77.9,4.3,56.5,1
978,Lauren Ortiz,Male,15,9th,110,Computer,80.3,74,76,B,85.6,4.5,68.4,1
979,Alice Adams,Male,14,9th,113,Computer,60,46.3,48.8,F,76.7,0.5,65.6,1
980,Samuel Lewis,Female,15,9th,120,History,39,33.1,31.1,F,71.8,2,51,0
981,Cooper Bishop,Male,16,10th,114,Math,59.2,57.7,64.5,D,83,2.8,53.4,1
982,Zachary Harris,Male,17,11th,106,Art,51.2,55.5,55.3,F,79.1,4.2,68.5,1
983,Jordan Wagner,Male,14,9th,110,Math,71.2,67.7,79.1,C,82.8,4.6,73.2,1
984,David Sullivan,Male,15,9th,120,History,69.8,71.7,67.4,C,78.4,4.2,62.6,1
985,Andrea Castro,Female,18,12th,118,Science,45.1,44.4,51.4,F,77.2,2.7,68.6,0
986,Betty Perez,Male,16,10th,101,Math,53.3,58.5,58.5,D,76.1,2.2,61.1,1
987,Rachel McDonald,Male,15,10th,110,Science,67,62.1,61.7,D,80.6,5.6,65.7,1
988,Anna Lamb,Male,16,11th,101,Math,78.3,74.2,79,B,89.6,6.3,84.9,1
989,Raymond Clark,Female,15,10th,114,Math,51.7,47.7,44.6,F,78.8,1.3,73,0
990,Kimberly Davis,Male,15,10th,120,Computer,96,98.1,77.3,A,98.3,10.2,100,1
991,Kelly Hill,Male,16,11th,111,Art,60.8,67.1,62.3,D,78.6,3,60.5,1
992,Lawrence Washington,Male,17,12th,105,Computer,64.2,70.4,82.4,C,75,3.8,68.6,1
993,James Ramos,Female,17,12th,107,Science,67,53.2,59.7,D,74.7,4.2,47,0
994,Addison Price,Male,17,12th,103,History,69.5,80.2,70.7,C,82.9,5.8,69.9,1
995,Joe Owens,Female,16,11th,117,Science,75.9,74.8,70.8,C,85.4,5.9,78.5,1
996,Cheryl Wells,Male,15,9th,109,History,78.7,76.2,72,B,80.5,4.4,60.6,1
997,Lauren Willis,Female,17,11th,117,Science,48.2,56.6,54.3,F,84.2,1.4,66.1,1
998,Jessica Perry,Male,15,10th,102,English,77.2,73.1,72.7,C,88.3,4.5,85.5,1
999,Rebecca Russell,Male,16,11th,115,Math,60.5,68.3,70.9,C,82.2,5,80.4,1
1000,Abigail Walters,Male,14,9th,103,Math,58.4,58.8,74.9,C,78.4,2.2,77,1
